lineno=1	text=THE SONNETS
lineno=2	text=
lineno=3	text=by William Shakespeare
lineno=4	text=
lineno=5	text=I
lineno=6	text=
lineno=7	text=From fairest creatures we desire increase,
lineno=8	text=That thereby beauty's rose might never die,
lineno=9	text=But as the riper should by time decease,
lineno=10	text=His tender heir might bear his memory:
lineno=11	text=But thou, contracted to thine own bright eyes,
lineno=12	text=Feed'st thy light's flame with self-substantial fuel,
lineno=13	text=Making a famine where abundance lies,
lineno=14	text=Thyself thy foe, to thy sweet self too cruel:
lineno=15	text=Thou that art now the world's fresh ornament,
lineno=16	text=And only herald to the gaudy spring,
lineno=17	text=Within thine own bud buriest thy content,
lineno=18	text=And tender churl mak'st waste in niggarding:
lineno=19	text=    Pity the world, or else this glutton be,
lineno=20	text=    To eat the world's due, by the grave and thee.
lineno=21	text=
lineno=22	text=II
lineno=23	text=
lineno=24	text=When forty winters shall besiege thy brow,
lineno=25	text=And dig deep trenches in thy beauty's field,
lineno=26	text=Thy youth's proud livery so gazed on now,
lineno=27	text=Will be a tatter'd weed of small worth held:
lineno=28	text=Then being asked, where all thy beauty lies,
lineno=29	text=Where all the treasure of thy lusty days;
lineno=30	text=To say, within thine own deep sunken eyes,
lineno=31	text=Were an all-eating shame, and thriftless praise.
lineno=32	text=How much more praise deserv'd thy beauty's use,
lineno=33	text=If thou couldst answer 'This fair child of mine
lineno=34	text=Shall sum my count, and make my old excuse,'
lineno=35	text=Proving his beauty by succession thine!
lineno=36	text=    This were to be new made when thou art old,
lineno=37	text=    And see thy blood warm when thou feel'st it cold.
lineno=38	text=
lineno=39	text=III
lineno=40	text=
lineno=41	text=Look in thy glass and tell the face thou viewest
lineno=42	text=Now is the time that face should form another;
lineno=43	text=Whose fresh repair if now thou not renewest,
lineno=44	text=Thou dost beguile the world, unbless some mother.
lineno=45	text=For where is she so fair whose unear'd womb
lineno=46	text=Disdains the tillage of thy husbandry?
lineno=47	text=Or who is he so fond will be the tomb,
lineno=48	text=Of his self-love to stop posterity?
lineno=49	text=Thou art thy mother's glass and she in thee
lineno=50	text=Calls back the lovely April of her prime;
lineno=51	text=So thou through windows of thine age shalt see,
lineno=52	text=Despite of wrinkles this thy golden time.
lineno=53	text=    But if thou live, remember'd not to be,
lineno=54	text=    Die single and thine image dies with thee.
lineno=55	text=
lineno=56	text=IV
lineno=57	text=
lineno=58	text=Unthrifty loveliness, why dost thou spend
lineno=59	text=Upon thyself thy beauty's legacy?
lineno=60	text=Nature's bequest gives nothing, but doth lend,
lineno=61	text=And being frank she lends to those are free:
lineno=62	text=Then, beauteous niggard, why dost thou abuse
lineno=63	text=The bounteous largess given thee to give?
lineno=64	text=Profitless usurer, why dost thou use
lineno=65	text=So great a sum of sums, yet canst not live?
lineno=66	text=For having traffic with thyself alone,
lineno=67	text=Thou of thyself thy sweet self dost deceive:
lineno=68	text=Then how when nature calls thee to be gone,
lineno=69	text=What acceptable audit canst thou leave?
lineno=70	text=    Thy unused beauty must be tombed with thee,
lineno=71	text=    Which, used, lives th' executor to be.
lineno=72	text=
lineno=73	text=V
lineno=74	text=
lineno=75	text=Those hours, that with gentle work did frame
lineno=76	text=The lovely gaze where every eye doth dwell,
lineno=77	text=Will play the tyrants to the very same
lineno=78	text=And that unfair which fairly doth excel;
lineno=79	text=For never-resting time leads summer on
lineno=80	text=To hideous winter, and confounds him there;
lineno=81	text=Sap checked with frost, and lusty leaves quite gone,
lineno=82	text=Beauty o'er-snowed and bareness every where:
lineno=83	text=Then were not summer's distillation left,
lineno=84	text=A liquid prisoner pent in walls of glass,
lineno=85	text=Beauty's effect with beauty were bereft,
lineno=86	text=Nor it, nor no remembrance what it was:
lineno=87	text=    But flowers distill'd, though they with winter meet,
lineno=88	text=    Leese but their show; their substance still lives sweet.
lineno=89	text=
lineno=90	text=VI
lineno=91	text=
lineno=92	text=Then let not winter's ragged hand deface,
lineno=93	text=In thee thy summer, ere thou be distill'd:
lineno=94	text=Make sweet some vial; treasure thou some place
lineno=95	text=With beauty's treasure ere it be self-kill'd.
lineno=96	text=That use is not forbidden usury,
lineno=97	text=Which happies those that pay the willing loan;
lineno=98	text=That's for thyself to breed another thee,
lineno=99	text=Or ten times happier, be it ten for one;
lineno=100	text=Ten times thyself were happier than thou art,
lineno=101	text=If ten of thine ten times refigur'd thee:
lineno=102	text=Then what could death do if thou shouldst depart,
lineno=103	text=Leaving thee living in posterity?
lineno=104	text=    Be not self-will'd, for thou art much too fair
lineno=105	text=    To be death's conquest and make worms thine heir.
lineno=106	text=
lineno=107	text=VII
lineno=108	text=
lineno=109	text=Lo! in the orient when the gracious light
lineno=110	text=Lifts up his burning head, each under eye
lineno=111	text=Doth homage to his new-appearing sight,
lineno=112	text=Serving with looks his sacred majesty;
lineno=113	text=And having climb'd the steep-up heavenly hill,
lineno=114	text=Resembling strong youth in his middle age,
lineno=115	text=Yet mortal looks adore his beauty still,
lineno=116	text=Attending on his golden pilgrimage:
lineno=117	text=But when from highmost pitch, with weary car,
lineno=118	text=Like feeble age, he reeleth from the day,
lineno=119	text=The eyes, 'fore duteous, now converted are
lineno=120	text=From his low tract, and look another way:
lineno=121	text=    So thou, thyself outgoing in thy noon:
lineno=122	text=    Unlook'd, on diest unless thou get a son.
lineno=123	text=
lineno=124	text=VIII
lineno=125	text=
lineno=126	text=Music to hear, why hear'st thou music sadly?
lineno=127	text=Sweets with sweets war not, joy delights in joy:
lineno=128	text=Why lov'st thou that which thou receiv'st not gladly,
lineno=129	text=Or else receiv'st with pleasure thine annoy?
lineno=130	text=If the true concord of well-tuned sounds,
lineno=131	text=By unions married, do offend thine ear,
lineno=132	text=They do but sweetly chide thee, who confounds
lineno=133	text=In singleness the parts that thou shouldst bear.
lineno=134	text=Mark how one string, sweet husband to another,
lineno=135	text=Strikes each in each by mutual ordering;
lineno=136	text=Resembling sire and child and happy mother,
lineno=137	text=Who, all in one, one pleasing note do sing:
lineno=138	text=    Whose speechless song being many, seeming one,
lineno=139	text=    Sings this to thee: 'Thou single wilt prove none.'
lineno=140	text=
lineno=141	text=IX
lineno=142	text=
lineno=143	text=Is it for fear to wet a widow's eye,
lineno=144	text=That thou consum'st thyself in single life?
lineno=145	text=Ah! if thou issueless shalt hap to die,
lineno=146	text=The world will wail thee like a makeless wife;
lineno=147	text=The world will be thy widow and still weep
lineno=148	text=That thou no form of thee hast left behind,
lineno=149	text=When every private widow well may keep
lineno=150	text=By children's eyes, her husband's shape in mind:
lineno=151	text=Look! what an unthrift in the world doth spend
lineno=152	text=Shifts but his place, for still the world enjoys it;
lineno=153	text=But beauty's waste hath in the world an end,
lineno=154	text=And kept unused the user so destroys it.
lineno=155	text=    No love toward others in that bosom sits
lineno=156	text=    That on himself such murd'rous shame commits.
lineno=157	text=
lineno=158	text=X
lineno=159	text=
lineno=160	text=For shame! deny that thou bear'st love to any,
lineno=161	text=Who for thyself art so unprovident.
lineno=162	text=Grant, if thou wilt, thou art belov'd of many,
lineno=163	text=But that thou none lov'st is most evident:
lineno=164	text=For thou art so possess'd with murderous hate,
lineno=165	text=That 'gainst thyself thou stick'st not to conspire,
lineno=166	text=Seeking that beauteous roof to ruinate
lineno=167	text=Which to repair should be thy chief desire.
lineno=168	text=O! change thy thought, that I may change my mind:
lineno=169	text=Shall hate be fairer lodg'd than gentle love?
lineno=170	text=Be, as thy presence is, gracious and kind,
lineno=171	text=Or to thyself at least kind-hearted prove:
lineno=172	text=    Make thee another self for love of me,
lineno=173	text=    That beauty still may live in thine or thee.
lineno=174	text=
lineno=175	text=XI
lineno=176	text=
lineno=177	text=As fast as thou shalt wane, so fast thou grow'st,
lineno=178	text=In one of thine, from that which thou departest;
lineno=179	text=And that fresh blood which youngly thou bestow'st,
lineno=180	text=Thou mayst call thine when thou from youth convertest,
lineno=181	text=Herein lives wisdom, beauty, and increase;
lineno=182	text=Without this folly, age, and cold decay:
lineno=183	text=If all were minded so, the times should cease
lineno=184	text=And threescore year would make the world away.
lineno=185	text=Let those whom nature hath not made for store,
lineno=186	text=Harsh, featureless, and rude, barrenly perish:
lineno=187	text=Look, whom she best endow'd, she gave thee more;
lineno=188	text=Which bounteous gift thou shouldst in bounty cherish:
lineno=189	text=    She carv'd thee for her seal, and meant thereby,
lineno=190	text=    Thou shouldst print more, not let that copy die.
lineno=191	text=
lineno=192	text=XII
lineno=193	text=
lineno=194	text=When I do count the clock that tells the time,
lineno=195	text=And see the brave day sunk in hideous night;
lineno=196	text=When I behold the violet past prime,
lineno=197	text=And sable curls, all silvered o'er with white;
lineno=198	text=When lofty trees I see barren of leaves,
lineno=199	text=Which erst from heat did canopy the herd,
lineno=200	text=And summer's green all girded up in sheaves,
lineno=201	text=Borne on the bier with white and bristly beard,
lineno=202	text=Then of thy beauty do I question make,
lineno=203	text=That thou among the wastes of time must go,
lineno=204	text=Since sweets and beauties do themselves forsake
lineno=205	text=And die as fast as they see others grow;
lineno=206	text=    And nothing 'gainst Time's scythe can make defence
lineno=207	text=    Save breed, to brave him when he takes thee hence.
lineno=208	text=
lineno=209	text=XIII
lineno=210	text=
lineno=211	text=O! that you were your self; but, love you are
lineno=212	text=No longer yours, than you yourself here live:
lineno=213	text=Against this coming end you should prepare,
lineno=214	text=And your sweet semblance to some other give:
lineno=215	text=So should that beauty which you hold in lease
lineno=216	text=Find no determination; then you were
lineno=217	text=Yourself again, after yourself's decease,
lineno=218	text=When your sweet issue your sweet form should bear.
lineno=219	text=Who lets so fair a house fall to decay,
lineno=220	text=Which husbandry in honour might uphold,
lineno=221	text=Against the stormy gusts of winter's day
lineno=222	text=And barren rage of death's eternal cold?
lineno=223	text=    O! none but unthrifts. Dear my love, you know,
lineno=224	text=    You had a father: let your son say so.
lineno=225	text=
lineno=226	text=XIV
lineno=227	text=
lineno=228	text=Not from the stars do I my judgement pluck;
lineno=229	text=And yet methinks I have astronomy,
lineno=230	text=But not to tell of good or evil luck,
lineno=231	text=Of plagues, of dearths, or seasons' quality;
lineno=232	text=Nor can I fortune to brief minutes tell,
lineno=233	text=Pointing to each his thunder, rain and wind,
lineno=234	text=Or say with princes if it shall go well
lineno=235	text=By oft predict that I in heaven find:
lineno=236	text=But from thine eyes my knowledge I derive,
lineno=237	text=And constant stars in them I read such art
lineno=238	text=As 'Truth and beauty shall together thrive,
lineno=239	text=If from thyself, to store thou wouldst convert';
lineno=240	text=    Or else of thee this I prognosticate:
lineno=241	text=    'Thy end is truth's and beauty's doom and date.'
lineno=242	text=
lineno=243	text=XV
lineno=244	text=
lineno=245	text=When I consider everything that grows
lineno=246	text=Holds in perfection but a little moment,
lineno=247	text=That this huge stage presenteth nought but shows
lineno=248	text=Whereon the stars in secret influence comment;
lineno=249	text=When I perceive that men as plants increase,
lineno=250	text=Cheered and checked even by the self-same sky,
lineno=251	text=Vaunt in their youthful sap, at height decrease,
lineno=252	text=And wear their brave state out of memory;
lineno=253	text=Then the conceit of this inconstant stay
lineno=254	text=Sets you most rich in youth before my sight,
lineno=255	text=Where wasteful Time debateth with Decay
lineno=256	text=To change your day of youth to sullied night,
lineno=257	text=    And all in war with Time for love of you,
lineno=258	text=    As he takes from you, I engraft you new.
lineno=259	text=
lineno=260	text=XVI
lineno=261	text=
lineno=262	text=But wherefore do not you a mightier way
lineno=263	text=Make war upon this bloody tyrant, Time?
lineno=264	text=And fortify yourself in your decay
lineno=265	text=With means more blessed than my barren rhyme?
lineno=266	text=Now stand you on the top of happy hours,
lineno=267	text=And many maiden gardens, yet unset,
lineno=268	text=With virtuous wish would bear you living flowers,
lineno=269	text=Much liker than your painted counterfeit:
lineno=270	text=So should the lines of life that life repair,
lineno=271	text=Which this, Time's pencil, or my pupil pen,
lineno=272	text=Neither in inward worth nor outward fair,
lineno=273	text=Can make you live yourself in eyes of men.
lineno=274	text=    To give away yourself, keeps yourself still,
lineno=275	text=    And you must live, drawn by your own sweet skill.
lineno=276	text=
lineno=277	text=XVII
lineno=278	text=
lineno=279	text=Who will believe my verse in time to come,
lineno=280	text=If it were fill'd with your most high deserts?
lineno=281	text=Though yet heaven knows it is but as a tomb
lineno=282	text=Which hides your life, and shows not half your parts.
lineno=283	text=If I could write the beauty of your eyes,
lineno=284	text=And in fresh numbers number all your graces,
lineno=285	text=The age to come would say 'This poet lies;
lineno=286	text=Such heavenly touches ne'er touch'd earthly faces.'
lineno=287	text=So should my papers, yellow'd with their age,
lineno=288	text=Be scorn'd, like old men of less truth than tongue,
lineno=289	text=And your true rights be term'd a poet's rage
lineno=290	text=And stretched metre of an antique song:
lineno=291	text=    But were some child of yours alive that time,
lineno=292	text=    You should live twice,-in it, and in my rhyme.
lineno=293	text=
lineno=294	text=XVIII
lineno=295	text=
lineno=296	text=Shall I compare thee to a summer's day?
lineno=297	text=Thou art more lovely and more temperate:
lineno=298	text=Rough winds do shake the darling buds of May,
lineno=299	text=And summer's lease hath all too short a date:
lineno=300	text=Sometime too hot the eye of heaven shines,
lineno=301	text=And often is his gold complexion dimm'd,
lineno=302	text=And every fair from fair sometime declines,
lineno=303	text=By chance, or nature's changing course untrimm'd:
lineno=304	text=But thy eternal summer shall not fade,
lineno=305	text=Nor lose possession of that fair thou ow'st,
lineno=306	text=Nor shall death brag thou wander'st in his shade,
lineno=307	text=When in eternal lines to time thou grow'st,
lineno=308	text=    So long as men can breathe, or eyes can see,
lineno=309	text=    So long lives this, and this gives life to thee.
lineno=310	text=
lineno=311	text=XIX
lineno=312	text=
lineno=313	text=Devouring Time, blunt thou the lion's paws,
lineno=314	text=And make the earth devour her own sweet brood;
lineno=315	text=Pluck the keen teeth from the fierce tiger's jaws,
lineno=316	text=And burn the long-liv'd phoenix, in her blood;
lineno=317	text=Make glad and sorry seasons as thou fleets,
lineno=318	text=And do whate'er thou wilt, swift-footed Time,
lineno=319	text=To the wide world and all her fading sweets;
lineno=320	text=But I forbid thee one most heinous crime:
lineno=321	text=O! carve not with thy hours my love's fair brow,
lineno=322	text=Nor draw no lines there with thine antique pen;
lineno=323	text=Him in thy course untainted do allow
lineno=324	text=For beauty's pattern to succeeding men.
lineno=325	text=    Yet do thy worst, old Time; despite thy wrong,
lineno=326	text=    My love shall in my verse ever live young.
lineno=327	text=
lineno=328	text=XX
lineno=329	text=
lineno=330	text=A woman's face with nature's own hand painted,
lineno=331	text=Hast thou, the master mistress of my passion;
lineno=332	text=A woman's gentle heart, but not acquainted
lineno=333	text=With shifting change, as is false women's fashion:
lineno=334	text=An eye more bright than theirs, less false in rolling,
lineno=335	text=Gilding the object whereupon it gazeth;
lineno=336	text=A man in hue all 'hues' in his controlling,
lineno=337	text=Which steals men's eyes and women's souls amazeth.
lineno=338	text=And for a woman wert thou first created;
lineno=339	text=Till Nature, as she wrought thee, fell a-doting,
lineno=340	text=And by addition me of thee defeated,
lineno=341	text=By adding one thing to my purpose nothing.
lineno=342	text=    But since she prick'd thee out for women's pleasure,
lineno=343	text=    Mine be thy love and thy love's use their treasure.
lineno=344	text=
lineno=345	text=XXI
lineno=346	text=
lineno=347	text=So is it not with me as with that Muse,
lineno=348	text=Stirr'd by a painted beauty to his verse,
lineno=349	text=Who heaven itself for ornament doth use
lineno=350	text=And every fair with his fair doth rehearse,
lineno=351	text=Making a couplement of proud compare.
lineno=352	text=With sun and moon, with earth and sea's rich gems,
lineno=353	text=With April's first-born flowers, and all things rare,
lineno=354	text=That heaven's air in this huge rondure hems.
lineno=355	text=O! let me, true in love, but truly write,
lineno=356	text=And then believe me, my love is as fair
lineno=357	text=As any mother's child, though not so bright
lineno=358	text=As those gold candles fix'd in heaven's air:
lineno=359	text=    Let them say more that like of hearsay well;
lineno=360	text=    I will not praise that purpose not to sell.
lineno=361	text=
lineno=362	text=XXII
lineno=363	text=
lineno=364	text=My glass shall not persuade me I am old,
lineno=365	text=So long as youth and thou are of one date;
lineno=366	text=But when in thee time's furrows I behold,
lineno=367	text=Then look I death my days should expiate.
lineno=368	text=For all that beauty that doth cover thee,
lineno=369	text=Is but the seemly raiment of my heart,
lineno=370	text=Which in thy breast doth live, as thine in me:
lineno=371	text=How can I then be elder than thou art?
lineno=372	text=O! therefore love, be of thyself so wary
lineno=373	text=As I, not for myself, but for thee will;
lineno=374	text=Bearing thy heart, which I will keep so chary
lineno=375	text=As tender nurse her babe from faring ill.
lineno=376	text=    Presume not on thy heart when mine is slain,
lineno=377	text=    Thou gav'st me thine not to give back again.
lineno=378	text=
lineno=379	text=XXIII
lineno=380	text=
lineno=381	text=As an unperfect actor on the stage,
lineno=382	text=Who with his fear is put beside his part,
lineno=383	text=Or some fierce thing replete with too much rage,
lineno=384	text=Whose strength's abundance weakens his own heart;
lineno=385	text=So I, for fear of trust, forget to say
lineno=386	text=The perfect ceremony of love's rite,
lineno=387	text=And in mine own love's strength seem to decay,
lineno=388	text=O'ercharg'd with burthen of mine own love's might.
lineno=389	text=O! let my looks be then the eloquence
lineno=390	text=And dumb presagers of my speaking breast,
lineno=391	text=Who plead for love, and look for recompense,
lineno=392	text=More than that tongue that more hath more express'd.
lineno=393	text=    O! learn to read what silent love hath writ:
lineno=394	text=    To hear with eyes belongs to love's fine wit.
lineno=395	text=
lineno=396	text=XXIV
lineno=397	text=
lineno=398	text=Mine eye hath play'd the painter and hath stell'd,
lineno=399	text=Thy beauty's form in table of my heart;
lineno=400	text=My body is the frame wherein 'tis held,
lineno=401	text=And perspective it is best painter's art.
lineno=402	text=For through the painter must you see his skill,
lineno=403	text=To find where your true image pictur'd lies,
lineno=404	text=Which in my bosom's shop is hanging still,
lineno=405	text=That hath his windows glazed with thine eyes.
lineno=406	text=Now see what good turns eyes for eyes have done:
lineno=407	text=Mine eyes have drawn thy shape, and thine for me
lineno=408	text=Are windows to my breast, where-through the sun
lineno=409	text=Delights to peep, to gaze therein on thee;
lineno=410	text=    Yet eyes this cunning want to grace their art,
lineno=411	text=    They draw but what they see, know not the heart.
lineno=412	text=
lineno=413	text=XXV
lineno=414	text=
lineno=415	text=Let those who are in favour with their stars
lineno=416	text=Of public honour and proud titles boast,
lineno=417	text=Whilst I, whom fortune of such triumph bars
lineno=418	text=Unlook'd for joy in that I honour most.
lineno=419	text=Great princes' favourites their fair leaves spread
lineno=420	text=But as the marigold at the sun's eye,
lineno=421	text=And in themselves their pride lies buried,
lineno=422	text=For at a frown they in their glory die.
lineno=423	text=The painful warrior famoused for fight,
lineno=424	text=After a thousand victories once foil'd,
lineno=425	text=Is from the book of honour razed quite,
lineno=426	text=And all the rest forgot for which he toil'd:
lineno=427	text=    Then happy I, that love and am belov'd,
lineno=428	text=    Where I may not remove nor be remov'd.
lineno=429	text=
lineno=430	text=XXVI
lineno=431	text=
lineno=432	text=Lord of my love, to whom in vassalage
lineno=433	text=Thy merit hath my duty strongly knit,
lineno=434	text=To thee I send this written embassage,
lineno=435	text=To witness duty, not to show my wit:
lineno=436	text=Duty so great, which wit so poor as mine
lineno=437	text=May make seem bare, in wanting words to show it,
lineno=438	text=But that I hope some good conceit of thine
lineno=439	text=In thy soul's thought, all naked, will bestow it:
lineno=440	text=Till whatsoever star that guides my moving,
lineno=441	text=Points on me graciously with fair aspect,
lineno=442	text=And puts apparel on my tatter'd loving,
lineno=443	text=To show me worthy of thy sweet respect:
lineno=444	text=    Then may I dare to boast how I do love thee;
lineno=445	text=    Till then, not show my head where thou mayst prove me.
lineno=446	text=
lineno=447	text=XXVII
lineno=448	text=
lineno=449	text=Weary with toil, I haste me to my bed,
lineno=450	text=The dear respose for limbs with travel tir'd;
lineno=451	text=But then begins a journey in my head
lineno=452	text=To work my mind, when body's work's expired:
lineno=453	text=For then my thoughts, from far where I abide,
lineno=454	text=Intend a zealous pilgrimage to thee,
lineno=455	text=And keep my drooping eyelids open wide,
lineno=456	text=Looking on darkness which the blind do see:
lineno=457	text=Save that my soul's imaginary sight
lineno=458	text=Presents thy shadow to my sightless view,
lineno=459	text=Which, like a jewel hung in ghastly night,
lineno=460	text=Makes black night beauteous, and her old face new.
lineno=461	text=    Lo! thus, by day my limbs, by night my mind,
lineno=462	text=    For thee, and for myself, no quiet find.
lineno=463	text=
lineno=464	text=XXVIII
lineno=465	text=
lineno=466	text=How can I then return in happy plight,
lineno=467	text=That am debarre'd the benefit of rest?
lineno=468	text=When day's oppression is not eas'd by night,
lineno=469	text=But day by night and night by day oppress'd,
lineno=470	text=And each, though enemies to either's reign,
lineno=471	text=Do in consent shake hands to torture me,
lineno=472	text=The one by toil, the other to complain
lineno=473	text=How far I toil, still farther off from thee.
lineno=474	text=I tell the day, to please him thou art bright,
lineno=475	text=And dost him grace when clouds do blot the heaven:
lineno=476	text=So flatter I the swart-complexion'd night,
lineno=477	text=When sparkling stars twire not thou gild'st the even.
lineno=478	text=    But day doth daily draw my sorrows longer,
lineno=479	text=    And night doth nightly make grief's length seem stronger.
lineno=480	text=
lineno=481	text=XXIX
lineno=482	text=
lineno=483	text=When in disgrace with fortune and men's eyes
lineno=484	text=I all alone beweep my outcast state,
lineno=485	text=And trouble deaf heaven with my bootless cries,
lineno=486	text=And look upon myself, and curse my fate,
lineno=487	text=Wishing me like to one more rich in hope,
lineno=488	text=Featur'd like him, like him with friends possess'd,
lineno=489	text=Desiring this man's art, and that man's scope,
lineno=490	text=With what I most enjoy contented least;
lineno=491	text=Yet in these thoughts my self almost despising,
lineno=492	text=Haply I think on thee, and then my state,
lineno=493	text=Like to the lark at break of day arising
lineno=494	text=From sullen earth, sings hymns at heaven's gate;
lineno=495	text=    For thy sweet love remember'd such wealth brings
lineno=496	text=    That then I scorn to change my state with kings.
lineno=497	text=
lineno=498	text=XXX
lineno=499	text=
lineno=500	text=When to the sessions of sweet silent thought
lineno=501	text=I summon up remembrance of things past,
lineno=502	text=I sigh the lack of many a thing I sought,
lineno=503	text=And with old woes new wail my dear time's waste:
lineno=504	text=Then can I drown an eye, unused to flow,
lineno=505	text=For precious friends hid in death's dateless night,
lineno=506	text=And weep afresh love's long since cancell'd woe,
lineno=507	text=And moan the expense of many a vanish'd sight:
lineno=508	text=Then can I grieve at grievances foregone,
lineno=509	text=And heavily from woe to woe tell o'er
lineno=510	text=The sad account of fore-bemoaned moan,
lineno=511	text=Which I new pay as if not paid before.
lineno=512	text=    But if the while I think on thee, dear friend,
lineno=513	text=    All losses are restor'd and sorrows end.
lineno=514	text=
lineno=515	text=XXXI
lineno=516	text=
lineno=517	text=Thy bosom is endeared with all hearts,
lineno=518	text=Which I by lacking have supposed dead;
lineno=519	text=And there reigns Love, and all Love's loving parts,
lineno=520	text=And all those friends which I thought buried.
lineno=521	text=How many a holy and obsequious tear
lineno=522	text=Hath dear religious love stol'n from mine eye,
lineno=523	text=As interest of the dead, which now appear
lineno=524	text=But things remov'd that hidden in thee lie!
lineno=525	text=Thou art the grave where buried love doth live,
lineno=526	text=Hung with the trophies of my lovers gone,
lineno=527	text=Who all their parts of me to thee did give,
lineno=528	text=That due of many now is thine alone:
lineno=529	text=    Their images I lov'd, I view in thee,
lineno=530	text=    And thou, all they, hast all the all of me.
lineno=531	text=
lineno=532	text=XXXII
lineno=533	text=
lineno=534	text=If thou survive my well-contented day,
lineno=535	text=When that churl Death my bones with dust shall cover
lineno=536	text=And shalt by fortune once more re-survey
lineno=537	text=These poor rude lines of thy deceased lover,
lineno=538	text=Compare them with the bett'ring of the time,
lineno=539	text=And though they be outstripp'd by every pen,
lineno=540	text=Reserve them for my love, not for their rhyme,
lineno=541	text=Exceeded by the height of happier men.
lineno=542	text=O! then vouchsafe me but this loving thought:
lineno=543	text='Had my friend's Muse grown with this growing age,
lineno=544	text=A dearer birth than this his love had brought,
lineno=545	text=To march in ranks of better equipage:
lineno=546	text=    But since he died and poets better prove,
lineno=547	text=    Theirs for their style I'll read, his for his love'.
lineno=548	text=
lineno=549	text=XXXIII
lineno=550	text=
lineno=551	text=Full many a glorious morning have I seen
lineno=552	text=Flatter the mountain tops with sovereign eye,
lineno=553	text=Kissing with golden face the meadows green,
lineno=554	text=Gilding pale streams with heavenly alchemy;
lineno=555	text=Anon permit the basest clouds to ride
lineno=556	text=With ugly rack on his celestial face,
lineno=557	text=And from the forlorn world his visage hide,
lineno=558	text=Stealing unseen to west with this disgrace:
lineno=559	text=Even so my sun one early morn did shine,
lineno=560	text=With all triumphant splendour on my brow;
lineno=561	text=But out! alack! he was but one hour mine,
lineno=562	text=The region cloud hath mask'd him from me now.
lineno=563	text=    Yet him for this my love no whit disdaineth;
lineno=564	text=    Suns of the world may stain when heaven's sun staineth.
lineno=565	text=
lineno=566	text=XXXIV
lineno=567	text=
lineno=568	text=Why didst thou promise such a beauteous day,
lineno=569	text=And make me travel forth without my cloak,
lineno=570	text=To let base clouds o'ertake me in my way,
lineno=571	text=Hiding thy bravery in their rotten smoke?
lineno=572	text='Tis not enough that through the cloud thou break,
lineno=573	text=To dry the rain on my storm-beaten face,
lineno=574	text=For no man well of such a salve can speak,
lineno=575	text=That heals the wound, and cures not the disgrace:
lineno=576	text=Nor can thy shame give physic to my grief;
lineno=577	text=Though thou repent, yet I have still the loss:
lineno=578	text=The offender's sorrow lends but weak relief
lineno=579	text=To him that bears the strong offence's cross.
lineno=580	text=    Ah! but those tears are pearl which thy love sheds,
lineno=581	text=    And they are rich and ransom all ill deeds.
lineno=582	text=
lineno=583	text=XXXV
lineno=584	text=
lineno=585	text=No more be griev'd at that which thou hast done:
lineno=586	text=Roses have thorns, and silver fountains mud:
lineno=587	text=Clouds and eclipses stain both moon and sun,
lineno=588	text=And loathsome canker lives in sweetest bud.
lineno=589	text=All men make faults, and even I in this,
lineno=590	text=Authorizing thy trespass with compare,
lineno=591	text=Myself corrupting, salving thy amiss,
lineno=592	text=Excusing thy sins more than thy sins are;
lineno=593	text=For to thy sensual fault I bring in sense;
lineno=594	text=Thy adverse party is thy advocate,
lineno=595	text=And 'gainst myself a lawful plea commence:
lineno=596	text=Such civil war is in my love and hate,
lineno=597	text=    That I an accessary needs must be,
lineno=598	text=    To that sweet thief which sourly robs from me.
lineno=599	text=
lineno=600	text=XXXVI
lineno=601	text=
lineno=602	text=Let me confess that we two must be twain,
lineno=603	text=Although our undivided loves are one:
lineno=604	text=So shall those blots that do with me remain,
lineno=605	text=Without thy help, by me be borne alone.
lineno=606	text=In our two loves there is but one respect,
lineno=607	text=Though in our lives a separable spite,
lineno=608	text=Which though it alter not love's sole effect,
lineno=609	text=Yet doth it steal sweet hours from love's delight.
lineno=610	text=I may not evermore acknowledge thee,
lineno=611	text=Lest my bewailed guilt should do thee shame,
lineno=612	text=Nor thou with public kindness honour me,
lineno=613	text=Unless thou take that honour from thy name:
lineno=614	text=    But do not so, I love thee in such sort,
lineno=615	text=    As thou being mine, mine is thy good report.
lineno=616	text=
lineno=617	text=XXXVII
lineno=618	text=
lineno=619	text=As a decrepit father takes delight
lineno=620	text=To see his active child do deeds of youth,
lineno=621	text=So I, made lame by Fortune's dearest spite,
lineno=622	text=Take all my comfort of thy worth and truth;
lineno=623	text=For whether beauty, birth, or wealth, or wit,
lineno=624	text=Or any of these all, or all, or more,
lineno=625	text=Entitled in thy parts, do crowned sit,
lineno=626	text=I make my love engrafted, to this store:
lineno=627	text=So then I am not lame, poor, nor despis'd,
lineno=628	text=Whilst that this shadow doth such substance give
lineno=629	text=That I in thy abundance am suffic'd,
lineno=630	text=And by a part of all thy glory live.
lineno=631	text=    Look what is best, that best I wish in thee:
lineno=632	text=    This wish I have; then ten times happy me!
lineno=633	text=
lineno=634	text=XXXVIII
lineno=635	text=
lineno=636	text=How can my Muse want subject to invent,
lineno=637	text=While thou dost breathe, that pour'st into my verse
lineno=638	text=Thine own sweet argument, too excellent
lineno=639	text=For every vulgar paper to rehearse?
lineno=640	text=O! give thyself the thanks, if aught in me
lineno=641	text=Worthy perusal stand against thy sight;
lineno=642	text=For who's so dumb that cannot write to thee,
lineno=643	text=When thou thyself dost give invention light?
lineno=644	text=Be thou the tenth Muse, ten times more in worth
lineno=645	text=Than those old nine which rhymers invocate;
lineno=646	text=And he that calls on thee, let him bring forth
lineno=647	text=Eternal numbers to outlive long date.
lineno=648	text=    If my slight Muse do please these curious days,
lineno=649	text=    The pain be mine, but thine shall be the praise.
lineno=650	text=
lineno=651	text=XXXIX
lineno=652	text=
lineno=653	text=O! how thy worth with manners may I sing,
lineno=654	text=When thou art all the better part of me?
lineno=655	text=What can mine own praise to mine own self bring?
lineno=656	text=And what is't but mine own when I praise thee?
lineno=657	text=Even for this, let us divided live,
lineno=658	text=And our dear love lose name of single one,
lineno=659	text=That by this separation I may give
lineno=660	text=That due to thee which thou deserv'st alone.
lineno=661	text=O absence! what a torment wouldst thou prove,
lineno=662	text=Were it not thy sour leisure gave sweet leave,
lineno=663	text=To entertain the time with thoughts of love,
lineno=664	text=Which time and thoughts so sweetly doth deceive,
lineno=665	text=    And that thou teachest how to make one twain,
lineno=666	text=    By praising him here who doth hence remain.
lineno=667	text=
lineno=668	text=XL
lineno=669	text=
lineno=670	text=Take all my loves, my love, yea take them all;
lineno=671	text=What hast thou then more than thou hadst before?
lineno=672	text=No love, my love, that thou mayst true love call;
lineno=673	text=All mine was thine, before thou hadst this more.
lineno=674	text=Then, if for my love, thou my love receivest,
lineno=675	text=I cannot blame thee, for my love thou usest;
lineno=676	text=But yet be blam'd, if thou thyself deceivest
lineno=677	text=By wilful taste of what thyself refusest.
lineno=678	text=I do forgive thy robbery, gentle thief,
lineno=679	text=Although thou steal thee all my poverty:
lineno=680	text=And yet, love knows it is a greater grief
lineno=681	text=To bear love's wrong, than hate's known injury.
lineno=682	text=    Lascivious grace, in whom all ill well shows,
lineno=683	text=    Kill me with spites yet we must not be foes.
lineno=684	text=
lineno=685	text=XLI
lineno=686	text=
lineno=687	text=Those pretty wrongs that liberty commits,
lineno=688	text=When I am sometime absent from thy heart,
lineno=689	text=Thy beauty, and thy years full well befits,
lineno=690	text=For still temptation follows where thou art.
lineno=691	text=Gentle thou art, and therefore to be won,
lineno=692	text=Beauteous thou art, therefore to be assail'd;
lineno=693	text=And when a woman woos, what woman's son
lineno=694	text=Will sourly leave her till he have prevail'd?
lineno=695	text=Ay me! but yet thou mightst my seat forbear,
lineno=696	text=And chide thy beauty and thy straying youth,
lineno=697	text=Who lead thee in their riot even there
lineno=698	text=Where thou art forced to break a twofold truth:
lineno=699	text=    Hers by thy beauty tempting her to thee,
lineno=700	text=    Thine by thy beauty being false to me.
lineno=701	text=
lineno=702	text=XLII
lineno=703	text=
lineno=704	text=That thou hast her it is not all my grief,
lineno=705	text=And yet it may be said I loved her dearly;
lineno=706	text=That she hath thee is of my wailing chief,
lineno=707	text=A loss in love that touches me more nearly.
lineno=708	text=Loving offenders thus I will excuse ye:
lineno=709	text=Thou dost love her, because thou know'st I love her;
lineno=710	text=And for my sake even so doth she abuse me,
lineno=711	text=Suffering my friend for my sake to approve her.
lineno=712	text=If I lose thee, my loss is my love's gain,
lineno=713	text=And losing her, my friend hath found that loss;
lineno=714	text=Both find each other, and I lose both twain,
lineno=715	text=And both for my sake lay on me this cross:
lineno=716	text=    But here's the joy; my friend and I are one;
lineno=717	text=    Sweet flattery! then she loves but me alone.
lineno=718	text=
lineno=719	text=XLIII
lineno=720	text=
lineno=721	text=When most I wink, then do mine eyes best see,
lineno=722	text=For all the day they view things unrespected;
lineno=723	text=But when I sleep, in dreams they look on thee,
lineno=724	text=And darkly bright, are bright in dark directed.
lineno=725	text=Then thou, whose shadow shadows doth make bright,
lineno=726	text=How would thy shadow's form form happy show
lineno=727	text=To the clear day with thy much clearer light,
lineno=728	text=When to unseeing eyes thy shade shines so!
lineno=729	text=How would, I say, mine eyes be blessed made
lineno=730	text=By looking on thee in the living day,
lineno=731	text=When in dead night thy fair imperfect shade
lineno=732	text=Through heavy sleep on sightless eyes doth stay!
lineno=733	text=    All days are nights to see till I see thee,
lineno=734	text=    And nights bright days when dreams do show thee me.
lineno=735	text=
lineno=736	text=XLIV
lineno=737	text=
lineno=738	text=If the dull substance of my flesh were thought,
lineno=739	text=Injurious distance should not stop my way;
lineno=740	text=For then despite of space I would be brought,
lineno=741	text=From limits far remote, where thou dost stay.
lineno=742	text=No matter then although my foot did stand
lineno=743	text=Upon the farthest earth remov'd from thee;
lineno=744	text=For nimble thought can jump both sea and land,
lineno=745	text=As soon as think the place where he would be.
lineno=746	text=But, ah! thought kills me that I am not thought,
lineno=747	text=To leap large lengths of miles when thou art gone,
lineno=748	text=But that so much of earth and water wrought,
lineno=749	text=I must attend time's leisure with my moan;
lineno=750	text=    Receiving nought by elements so slow
lineno=751	text=    But heavy tears, badges of either's woe.
lineno=752	text=
lineno=753	text=XLV
lineno=754	text=
lineno=755	text=The other two, slight air, and purging fire
lineno=756	text=Are both with thee, wherever I abide;
lineno=757	text=The first my thought, the other my desire,
lineno=758	text=These present-absent with swift motion slide.
lineno=759	text=For when these quicker elements are gone
lineno=760	text=In tender embassy of love to thee,
lineno=761	text=My life, being made of four, with two alone
lineno=762	text=Sinks down to death, oppress'd with melancholy;
lineno=763	text=Until life's composition be recur'd
lineno=764	text=By those swift messengers return'd from thee,
lineno=765	text=Who even but now come back again, assur'd,
lineno=766	text=Of thy fair health, recounting it to me:
lineno=767	text=    This told, I joy; but then no longer glad,
lineno=768	text=    I send them back again, and straight grow sad.
lineno=769	text=
lineno=770	text=XLVI
lineno=771	text=
lineno=772	text=Mine eye and heart are at a mortal war,
lineno=773	text=How to divide the conquest of thy sight;
lineno=774	text=Mine eye my heart thy picture's sight would bar,
lineno=775	text=My heart mine eye the freedom of that right.
lineno=776	text=My heart doth plead that thou in him dost lie,
lineno=777	text=A closet never pierced with crystal eyes;
lineno=778	text=But the defendant doth that plea deny,
lineno=779	text=And says in him thy fair appearance lies.
lineno=780	text=To side this title is impannelled
lineno=781	text=A quest of thoughts, all tenants to the heart;
lineno=782	text=And by their verdict is determined
lineno=783	text=The clear eye's moiety, and the dear heart's part:
lineno=784	text=    As thus; mine eye's due is thy outward part,
lineno=785	text=    And my heart's right, thy inward love of heart.
lineno=786	text=
lineno=787	text=XLVII
lineno=788	text=
lineno=789	text=Betwixt mine eye and heart a league is took,
lineno=790	text=And each doth good turns now unto the other:
lineno=791	text=When that mine eye is famish'd for a look,
lineno=792	text=Or heart in love with sighs himself doth smother,
lineno=793	text=With my love's picture then my eye doth feast,
lineno=794	text=And to the painted banquet bids my heart;
lineno=795	text=Another time mine eye is my heart's guest,
lineno=796	text=And in his thoughts of love doth share a part:
lineno=797	text=So, either by thy picture or my love,
lineno=798	text=Thyself away, art present still with me;
lineno=799	text=For thou not farther than my thoughts canst move,
lineno=800	text=And I am still with them, and they with thee;
lineno=801	text=    Or, if they sleep, thy picture in my sight
lineno=802	text=    Awakes my heart, to heart's and eye's delight.
lineno=803	text=
lineno=804	text=XLVIII
lineno=805	text=
lineno=806	text=How careful was I when I took my way,
lineno=807	text=Each trifle under truest bars to thrust,
lineno=808	text=That to my use it might unused stay
lineno=809	text=From hands of falsehood, in sure wards of trust!
lineno=810	text=But thou, to whom my jewels trifles are,
lineno=811	text=Most worthy comfort, now my greatest grief,
lineno=812	text=Thou best of dearest, and mine only care,
lineno=813	text=Art left the prey of every vulgar thief.
lineno=814	text=Thee have I not lock'd up in any chest,
lineno=815	text=Save where thou art not, though I feel thou art,
lineno=816	text=Within the gentle closure of my breast,
lineno=817	text=From whence at pleasure thou mayst come and part;
lineno=818	text=    And even thence thou wilt be stol'n I fear,
lineno=819	text=    For truth proves thievish for a prize so dear.
lineno=820	text=
lineno=821	text=XLIX
lineno=822	text=
lineno=823	text=Against that time, if ever that time come,
lineno=824	text=When I shall see thee frown on my defects,
lineno=825	text=When as thy love hath cast his utmost sum,
lineno=826	text=Call'd to that audit by advis'd respects;
lineno=827	text=Against that time when thou shalt strangely pass,
lineno=828	text=And scarcely greet me with that sun, thine eye,
lineno=829	text=When love, converted from the thing it was,
lineno=830	text=Shall reasons find of settled gravity;
lineno=831	text=Against that time do I ensconce me here,
lineno=832	text=Within the knowledge of mine own desert,
lineno=833	text=And this my hand, against my self uprear,
lineno=834	text=To guard the lawful reasons on thy part:
lineno=835	text=    To leave poor me thou hast the strength of laws,
lineno=836	text=    Since why to love I can allege no cause.
lineno=837	text=
lineno=838	text=L
lineno=839	text=
lineno=840	text=How heavy do I journey on the way,
lineno=841	text=When what I seek, my weary travel's end,
lineno=842	text=Doth teach that ease and that repose to say,
lineno=843	text='Thus far the miles are measured from thy friend!'
lineno=844	text=The beast that bears me, tired with my woe,
lineno=845	text=Plods dully on, to bear that weight in me,
lineno=846	text=As if by some instinct the wretch did know
lineno=847	text=His rider lov'd not speed, being made from thee:
lineno=848	text=The bloody spur cannot provoke him on,
lineno=849	text=That sometimes anger thrusts into his hide,
lineno=850	text=Which heavily he answers with a groan,
lineno=851	text=More sharp to me than spurring to his side;
lineno=852	text=    For that same groan doth put this in my mind,
lineno=853	text=    My grief lies onward, and my joy behind.
lineno=854	text=
lineno=855	text=LI
lineno=856	text=
lineno=857	text=Thus can my love excuse the slow offence
lineno=858	text=Of my dull bearer when from thee I speed:
lineno=859	text=From where thou art why should I haste me thence?
lineno=860	text=Till I return, of posting is no need.
lineno=861	text=O! what excuse will my poor beast then find,
lineno=862	text=When swift extremity can seem but slow?
lineno=863	text=Then should I spur, though mounted on the wind,
lineno=864	text=In winged speed no motion shall I know,
lineno=865	text=Then can no horse with my desire keep pace;
lineno=866	text=Therefore desire, of perfect'st love being made,
lineno=867	text=Shall neigh no dull flesh in his fiery race,
lineno=868	text=But love, for love, thus shall excuse my jade:
lineno=869	text=    'Since from thee going, he went wilful-slow,
lineno=870	text=    Towards thee I'll run, and give him leave to go.'
lineno=871	text=
lineno=872	text=LII
lineno=873	text=
lineno=874	text=So am I as the rich, whose blessed key,
lineno=875	text=Can bring him to his sweet up-locked treasure,
lineno=876	text=The which he will not every hour survey,
lineno=877	text=For blunting the fine point of seldom pleasure.
lineno=878	text=Therefore are feasts so solemn and so rare,
lineno=879	text=Since, seldom coming in that long year set,
lineno=880	text=Like stones of worth they thinly placed are,
lineno=881	text=Or captain jewels in the carcanet.
lineno=882	text=So is the time that keeps you as my chest,
lineno=883	text=Or as the wardrobe which the robe doth hide,
lineno=884	text=To make some special instant special-blest,
lineno=885	text=By new unfolding his imprison'd pride.
lineno=886	text=    Blessed are you whose worthiness gives scope,
lineno=887	text=    Being had, to triumph; being lacked, to hope.
lineno=888	text=
lineno=889	text=LIII
lineno=890	text=
lineno=891	text=What is your substance, whereof are you made,
lineno=892	text=That millions of strange shadows on you tend?
lineno=893	text=Since every one, hath every one, one shade,
lineno=894	text=And you but one, can every shadow lend.
lineno=895	text=Describe Adonis, and the counterfeit
lineno=896	text=Is poorly imitated after you;
lineno=897	text=On Helen's cheek all art of beauty set,
lineno=898	text=And you in Grecian tires are painted new:
lineno=899	text=Speak of the spring, and foison of the year,
lineno=900	text=The one doth shadow of your beauty show,
lineno=901	text=The other as your bounty doth appear;
lineno=902	text=And you in every blessed shape we know.
lineno=903	text=    In all external grace you have some part,
lineno=904	text=    But you like none, none you, for constant heart.
lineno=905	text=
lineno=906	text=LIV
lineno=907	text=
lineno=908	text=O! how much more doth beauty beauteous seem
lineno=909	text=By that sweet ornament which truth doth give.
lineno=910	text=The rose looks fair, but fairer we it deem
lineno=911	text=For that sweet odour, which doth in it live.
lineno=912	text=The canker blooms have full as deep a dye
lineno=913	text=As the perfumed tincture of the roses.
lineno=914	text=Hang on such thorns, and play as wantonly
lineno=915	text=When summer's breath their masked buds discloses:
lineno=916	text=But, for their virtue only is their show,
lineno=917	text=They live unwoo'd, and unrespected fade;
lineno=918	text=Die to themselves. Sweet roses do not so;
lineno=919	text=Of their sweet deaths, are sweetest odours made:
lineno=920	text=    And so of you, beauteous and lovely youth,
lineno=921	text=    When that shall vade, by verse distills your truth.
lineno=922	text=
lineno=923	text=LV
lineno=924	text=
lineno=925	text=Not marble, nor the gilded monuments
lineno=926	text=Of princes, shall outlive this powerful rhyme;
lineno=927	text=But you shall shine more bright in these contents
lineno=928	text=Than unswept stone, besmear'd with sluttish time.
lineno=929	text=When wasteful war shall statues overturn,
lineno=930	text=And broils root out the work of masonry,
lineno=931	text=Nor Mars his sword, nor war's quick fire shall burn
lineno=932	text=The living record of your memory.
lineno=933	text='Gainst death, and all-oblivious enmity
lineno=934	text=Shall you pace forth; your praise shall still find room
lineno=935	text=Even in the eyes of all posterity
lineno=936	text=That wear this world out to the ending doom.
lineno=937	text=    So, till the judgement that yourself arise,
lineno=938	text=    You live in this, and dwell in lovers' eyes.
lineno=939	text=
lineno=940	text=LVI
lineno=941	text=
lineno=942	text=Sweet love, renew thy force; be it not said
lineno=943	text=Thy edge should blunter be than appetite,
lineno=944	text=Which but to-day by feeding is allay'd,
lineno=945	text=To-morrow sharpened in his former might:
lineno=946	text=So, love, be thou, although to-day thou fill
lineno=947	text=Thy hungry eyes, even till they wink with fulness,
lineno=948	text=To-morrow see again, and do not kill
lineno=949	text=The spirit of love, with a perpetual dulness.
lineno=950	text=Let this sad interim like the ocean be
lineno=951	text=Which parts the shore, where two contracted new
lineno=952	text=Come daily to the banks, that when they see
lineno=953	text=Return of love, more blest may be the view;
lineno=954	text=    Or call it winter, which being full of care,
lineno=955	text=    Makes summer's welcome, thrice more wished, more rare.
lineno=956	text=
lineno=957	text=LVII
lineno=958	text=
lineno=959	text=Being your slave what should I do but tend,
lineno=960	text=Upon the hours, and times of your desire?
lineno=961	text=I have no precious time at all to spend;
lineno=962	text=Nor services to do, till you require.
lineno=963	text=Nor dare I chide the world-without-end hour,
lineno=964	text=Whilst I, my sovereign, watch the clock for you,
lineno=965	text=Nor think the bitterness of absence sour,
lineno=966	text=When you have bid your servant once adieu;
lineno=967	text=Nor dare I question with my jealous thought
lineno=968	text=Where you may be, or your affairs suppose,
lineno=969	text=But, like a sad slave, stay and think of nought
lineno=970	text=Save, where you are, how happy you make those.
lineno=971	text=    So true a fool is love, that in your will,
lineno=972	text=    Though you do anything, he thinks no ill.
lineno=973	text=
lineno=974	text=LVIII
lineno=975	text=
lineno=976	text=That god forbid, that made me first your slave,
lineno=977	text=I should in thought control your times of pleasure,
lineno=978	text=Or at your hand the account of hours to crave,
lineno=979	text=Being your vassal, bound to stay your leisure!
lineno=980	text=O! let me suffer, being at your beck,
lineno=981	text=The imprison'd absence of your liberty;
lineno=982	text=And patience, tame to sufferance, bide each check,
lineno=983	text=Without accusing you of injury.
lineno=984	text=Be where you list, your charter is so strong
lineno=985	text=That you yourself may privilage your time
lineno=986	text=To what you will; to you it doth belong
lineno=987	text=Yourself to pardon of self-doing crime.
lineno=988	text=    I am to wait, though waiting so be hell,
lineno=989	text=    Not blame your pleasure be it ill or well.
lineno=990	text=
lineno=991	text=LIX
lineno=992	text=
lineno=993	text=If there be nothing new, but that which is
lineno=994	text=Hath been before, how are our brains beguil'd,
lineno=995	text=Which labouring for invention bear amiss
lineno=996	text=The second burthen of a former child!
lineno=997	text=O! that record could with a backward look,
lineno=998	text=Even of five hundred courses of the sun,
lineno=999	text=Show me your image in some antique book,
lineno=1000	text=Since mind at first in character was done!
lineno=1001	text=That I might see what the old world could say
lineno=1002	text=To this composed wonder of your frame;
lineno=1003	text=Wh'r we are mended, or wh'r better they,
lineno=1004	text=Or whether revolution be the same.
lineno=1005	text=    O! sure I am the wits of former days,
lineno=1006	text=    To subjects worse have given admiring praise.
lineno=1007	text=
lineno=1008	text=LX
lineno=1009	text=
lineno=1010	text=Like as the waves make towards the pebbled shore,
lineno=1011	text=So do our minutes hasten to their end;
lineno=1012	text=Each changing place with that which goes before,
lineno=1013	text=In sequent toil all forwards do contend.
lineno=1014	text=Nativity, once in the main of light,
lineno=1015	text=Crawls to maturity, wherewith being crown'd,
lineno=1016	text=Crooked eclipses 'gainst his glory fight,
lineno=1017	text=And Time that gave doth now his gift confound.
lineno=1018	text=Time doth transfix the flourish set on youth
lineno=1019	text=And delves the parallels in beauty's brow,
lineno=1020	text=Feeds on the rarities of nature's truth,
lineno=1021	text=And nothing stands but for his scythe to mow:
lineno=1022	text=    And yet to times in hope, my verse shall stand.
lineno=1023	text=    Praising thy worth, despite his cruel hand.
lineno=1024	text=
lineno=1025	text=LXI
lineno=1026	text=
lineno=1027	text=Is it thy will, thy image should keep open
lineno=1028	text=My heavy eyelids to the weary night?
lineno=1029	text=Dost thou desire my slumbers should be broken,
lineno=1030	text=While shadows like to thee do mock my sight?
lineno=1031	text=Is it thy spirit that thou send'st from thee
lineno=1032	text=So far from home into my deeds to pry,
lineno=1033	text=To find out shames and idle hours in me,
lineno=1034	text=The scope and tenure of thy jealousy?
lineno=1035	text=O, no! thy love, though much, is not so great:
lineno=1036	text=It is my love that keeps mine eye awake:
lineno=1037	text=Mine own true love that doth my rest defeat,
lineno=1038	text=To play the watchman ever for thy sake:
lineno=1039	text=    For thee watch I, whilst thou dost wake elsewhere,
lineno=1040	text=    From me far off, with others all too near.
lineno=1041	text=
lineno=1042	text=LXII
lineno=1043	text=
lineno=1044	text=Sin of self-love possesseth all mine eye
lineno=1045	text=And all my soul, and all my every part;
lineno=1046	text=And for this sin there is no remedy,
lineno=1047	text=It is so grounded inward in my heart.
lineno=1048	text=Methinks no face so gracious is as mine,
lineno=1049	text=No shape so true, no truth of such account;
lineno=1050	text=And for myself mine own worth do define,
lineno=1051	text=As I all other in all worths surmount.
lineno=1052	text=But when my glass shows me myself indeed
lineno=1053	text=Beated and chopp'd with tanned antiquity,
lineno=1054	text=Mine own self-love quite contrary I read;
lineno=1055	text=Self so self-loving were iniquity.
lineno=1056	text=    'Tis thee, myself, that for myself I praise,
lineno=1057	text=    Painting my age with beauty of thy days.
lineno=1058	text=
lineno=1059	text=LXIII
lineno=1060	text=
lineno=1061	text=Against my love shall be as I am now,
lineno=1062	text=With Time's injurious hand crush'd and o'erworn;
lineno=1063	text=When hours have drain'd his blood and fill'd his brow
lineno=1064	text=With lines and wrinkles; when his youthful morn
lineno=1065	text=Hath travell'd on to age's steepy night;
lineno=1066	text=And all those beauties whereof now he's king
lineno=1067	text=Are vanishing, or vanished out of sight,
lineno=1068	text=Stealing away the treasure of his spring;
lineno=1069	text=For such a time do I now fortify
lineno=1070	text=Against confounding age's cruel knife,
lineno=1071	text=That he shall never cut from memory
lineno=1072	text=My sweet love's beauty, though my lover's life:
lineno=1073	text=    His beauty shall in these black lines be seen,
lineno=1074	text=    And they shall live, and he in them still green.
lineno=1075	text=
lineno=1076	text=LXIV
lineno=1077	text=
lineno=1078	text=When I have seen by Time's fell hand defac'd
lineno=1079	text=The rich-proud cost of outworn buried age;
lineno=1080	text=When sometime lofty towers I see down-raz'd,
lineno=1081	text=And brass eternal slave to mortal rage;
lineno=1082	text=When I have seen the hungry ocean gain
lineno=1083	text=Advantage on the kingdom of the shore,
lineno=1084	text=And the firm soil win of the watery main,
lineno=1085	text=Increasing store with loss, and loss with store;
lineno=1086	text=When I have seen such interchange of state,
lineno=1087	text=Or state itself confounded, to decay;
lineno=1088	text=Ruin hath taught me thus to ruminate:
lineno=1089	text=That Time will come and take my love away.
lineno=1090	text=    This thought is as a death which cannot choose
lineno=1091	text=    But weep to have, that which it fears to lose.
lineno=1092	text=
lineno=1093	text=LXV
lineno=1094	text=
lineno=1095	text=Since brass, nor stone, nor earth, nor boundless sea,
lineno=1096	text=But sad mortality o'ersways their power,
lineno=1097	text=How with this rage shall beauty hold a plea,
lineno=1098	text=Whose action is no stronger than a flower?
lineno=1099	text=O! how shall summer's honey breath hold out,
lineno=1100	text=Against the wrackful siege of battering days,
lineno=1101	text=When rocks impregnable are not so stout,
lineno=1102	text=Nor gates of steel so strong but Time decays?
lineno=1103	text=O fearful meditation! where, alack,
lineno=1104	text=Shall Time's best jewel from Time's chest lie hid?
lineno=1105	text=Or what strong hand can hold his swift foot back?
lineno=1106	text=Or who his spoil of beauty can forbid?
lineno=1107	text=    O! none, unless this miracle have might,
lineno=1108	text=    That in black ink my love may still shine bright.
lineno=1109	text=
lineno=1110	text=LXVI
lineno=1111	text=
lineno=1112	text=Tired with all these, for restful death I cry:
lineno=1113	text=As to behold desert a beggar born,
lineno=1114	text=And needy nothing trimm'd in jollity,
lineno=1115	text=And purest faith unhappily forsworn,
lineno=1116	text=And gilded honour shamefully misplac'd,
lineno=1117	text=And maiden virtue rudely strumpeted,
lineno=1118	text=And right perfection wrongfully disgrac'd,
lineno=1119	text=And strength by limping sway disabled
lineno=1120	text=And art made tongue-tied by authority,
lineno=1121	text=And folly, doctor-like, controlling skill,
lineno=1122	text=And simple truth miscall'd simplicity,
lineno=1123	text=And captive good attending captain ill:
lineno=1124	text=    Tir'd with all these, from these would I be gone,
lineno=1125	text=    Save that, to die, I leave my love alone.
lineno=1126	text=
lineno=1127	text=LXVII
lineno=1128	text=
lineno=1129	text=Ah! wherefore with infection should he live,
lineno=1130	text=And with his presence grace impiety,
lineno=1131	text=That sin by him advantage should achieve,
lineno=1132	text=And lace itself with his society?
lineno=1133	text=Why should false painting imitate his cheek,
lineno=1134	text=And steel dead seeming of his living hue?
lineno=1135	text=Why should poor beauty indirectly seek
lineno=1136	text=Roses of shadow, since his rose is true?
lineno=1137	text=Why should he live, now Nature bankrupt is,
lineno=1138	text=Beggar'd of blood to blush through lively veins?
lineno=1139	text=For she hath no exchequer now but his,
lineno=1140	text=And proud of many, lives upon his gains.
lineno=1141	text=    O! him she stores, to show what wealth she had
lineno=1142	text=    In days long since, before these last so bad.
lineno=1143	text=
lineno=1144	text=LXVIII
lineno=1145	text=
lineno=1146	text=Thus is his cheek the map of days outworn,
lineno=1147	text=When beauty lived and died as flowers do now,
lineno=1148	text=Before these bastard signs of fair were born,
lineno=1149	text=Or durst inhabit on a living brow;
lineno=1150	text=Before the golden tresses of the dead,
lineno=1151	text=The right of sepulchres, were shorn away,
lineno=1152	text=To live a second life on second head;
lineno=1153	text=Ere beauty's dead fleece made another gay:
lineno=1154	text=In him those holy antique hours are seen,
lineno=1155	text=Without all ornament, itself and true,
lineno=1156	text=Making no summer of another's green,
lineno=1157	text=Robbing no old to dress his beauty new;
lineno=1158	text=    And him as for a map doth Nature store,
lineno=1159	text=    To show false Art what beauty was of yore.
lineno=1160	text=
lineno=1161	text=LXIX
lineno=1162	text=
lineno=1163	text=Those parts of thee that the world's eye doth view
lineno=1164	text=Want nothing that the thought of hearts can mend;
lineno=1165	text=All tongues, the voice of souls, give thee that due,
lineno=1166	text=Uttering bare truth, even so as foes commend.
lineno=1167	text=Thy outward thus with outward praise is crown'd;
lineno=1168	text=But those same tongues, that give thee so thine own,
lineno=1169	text=In other accents do this praise confound
lineno=1170	text=By seeing farther than the eye hath shown.
lineno=1171	text=They look into the beauty of thy mind,
lineno=1172	text=And that in guess they measure by thy deeds;
lineno=1173	text=Then churls their thoughts, although their eyes were kind,
lineno=1174	text=To thy fair flower add the rank smell of weeds:
lineno=1175	text=    But why thy odour matcheth not thy show,
lineno=1176	text=    The soil is this, that thou dost common grow.
lineno=1177	text=
lineno=1178	text=LXX
lineno=1179	text=
lineno=1180	text=That thou art blam'd shall not be thy defect,
lineno=1181	text=For slander's mark was ever yet the fair;
lineno=1182	text=The ornament of beauty is suspect,
lineno=1183	text=A crow that flies in heaven's sweetest air.
lineno=1184	text=So thou be good, slander doth but approve
lineno=1185	text=Thy worth the greater being woo'd of time;
lineno=1186	text=For canker vice the sweetest buds doth love,
lineno=1187	text=And thou present'st a pure unstained prime.
lineno=1188	text=Thou hast passed by the ambush of young days
lineno=1189	text=Either not assail'd, or victor being charg'd;
lineno=1190	text=Yet this thy praise cannot be so thy praise,
lineno=1191	text=To tie up envy, evermore enlarg'd,
lineno=1192	text=    If some suspect of ill mask'd not thy show,
lineno=1193	text=    Then thou alone kingdoms of hearts shouldst owe.
lineno=1194	text=
lineno=1195	text=LXXI
lineno=1196	text=
lineno=1197	text=No longer mourn for me when I am dead
lineno=1198	text=Than you shall hear the surly sullen bell
lineno=1199	text=Give warning to the world that I am fled
lineno=1200	text=From this vile world with vilest worms to dwell:
lineno=1201	text=Nay, if you read this line, remember not
lineno=1202	text=The hand that writ it, for I love you so,
lineno=1203	text=That I in your sweet thoughts would be forgot,
lineno=1204	text=If thinking on me then should make you woe.
lineno=1205	text=O if, I say, you look upon this verse,
lineno=1206	text=When I perhaps compounded am with clay,
lineno=1207	text=Do not so much as my poor name rehearse;
lineno=1208	text=But let your love even with my life decay;
lineno=1209	text=    Lest the wise world should look into your moan,
lineno=1210	text=    And mock you with me after I am gone.
lineno=1211	text=
lineno=1212	text=LXXII
lineno=1213	text=
lineno=1214	text=O! lest the world should task you to recite
lineno=1215	text=What merit lived in me, that you should love
lineno=1216	text=After my death, dear love, forget me quite,
lineno=1217	text=For you in me can nothing worthy prove;
lineno=1218	text=Unless you would devise some virtuous lie,
lineno=1219	text=To do more for me than mine own desert,
lineno=1220	text=And hang more praise upon deceased I
lineno=1221	text=Than niggard truth would willingly impart:
lineno=1222	text=O! lest your true love may seem false in this
lineno=1223	text=That you for love speak well of me untrue,
lineno=1224	text=My name be buried where my body is,
lineno=1225	text=And live no more to shame nor me nor you.
lineno=1226	text=    For I am shamed by that which I bring forth,
lineno=1227	text=    And so should you, to love things nothing worth.
lineno=1228	text=
lineno=1229	text=LXXIII
lineno=1230	text=
lineno=1231	text=That time of year thou mayst in me behold
lineno=1232	text=When yellow leaves, or none, or few, do hang
lineno=1233	text=Upon those boughs which shake against the cold,
lineno=1234	text=Bare ruin'd choirs, where late the sweet birds sang.
lineno=1235	text=In me thou see'st the twilight of such day
lineno=1236	text=As after sunset fadeth in the west;
lineno=1237	text=Which by and by black night doth take away,
lineno=1238	text=Death's second self, that seals up all in rest.
lineno=1239	text=In me thou see'st the glowing of such fire,
lineno=1240	text=That on the ashes of his youth doth lie,
lineno=1241	text=As the death-bed, whereon it must expire,
lineno=1242	text=Consum'd with that which it was nourish'd by.
lineno=1243	text=    This thou perceiv'st, which makes thy love more strong,
lineno=1244	text=    To love that well, which thou must leave ere long.
lineno=1245	text=
lineno=1246	text=LXXIV
lineno=1247	text=
lineno=1248	text=But be contented: when that fell arrest
lineno=1249	text=Without all bail shall carry me away,
lineno=1250	text=My life hath in this line some interest,
lineno=1251	text=Which for memorial still with thee shall stay.
lineno=1252	text=When thou reviewest this, thou dost review
lineno=1253	text=The very part was consecrate to thee:
lineno=1254	text=The earth can have but earth, which is his due;
lineno=1255	text=My spirit is thine, the better part of me:
lineno=1256	text=So then thou hast but lost the dregs of life,
lineno=1257	text=The prey of worms, my body being dead;
lineno=1258	text=The coward conquest of a wretch's knife,
lineno=1259	text=Too base of thee to be remembered.
lineno=1260	text=    The worth of that is that which it contains,
lineno=1261	text=    And that is this, and this with thee remains.
lineno=1262	text=
lineno=1263	text=LXXV
lineno=1264	text=
lineno=1265	text=So are you to my thoughts as food to life,
lineno=1266	text=Or as sweet-season'd showers are to the ground;
lineno=1267	text=And for the peace of you I hold such strife
lineno=1268	text=As 'twixt a miser and his wealth is found.
lineno=1269	text=Now proud as an enjoyer, and anon
lineno=1270	text=Doubting the filching age will steal his treasure;
lineno=1271	text=Now counting best to be with you alone,
lineno=1272	text=Then better'd that the world may see my pleasure:
lineno=1273	text=Sometime all full with feasting on your sight,
lineno=1274	text=And by and by clean starved for a look;
lineno=1275	text=Possessing or pursuing no delight,
lineno=1276	text=Save what is had, or must from you be took.
lineno=1277	text=    Thus do I pine and surfeit day by day,
lineno=1278	text=    Or gluttoning on all, or all away.
lineno=1279	text=
lineno=1280	text=LXXVI
lineno=1281	text=
lineno=1282	text=Why is my verse so barren of new pride,
lineno=1283	text=So far from variation or quick change?
lineno=1284	text=Why with the time do I not glance aside
lineno=1285	text=To new-found methods, and to compounds strange?
lineno=1286	text=Why write I still all one, ever the same,
lineno=1287	text=And keep invention in a noted weed,
lineno=1288	text=That every word doth almost tell my name,
lineno=1289	text=Showing their birth, and where they did proceed?
lineno=1290	text=O! know sweet love I always write of you,
lineno=1291	text=And you and love are still my argument;
lineno=1292	text=So all my best is dressing old words new,
lineno=1293	text=Spending again what is already spent:
lineno=1294	text=    For as the sun is daily new and old,
lineno=1295	text=    So is my love still telling what is told.
lineno=1296	text=
lineno=1297	text=LXXVII
lineno=1298	text=
lineno=1299	text=Thy glass will show thee how thy beauties wear,
lineno=1300	text=Thy dial how thy precious minutes waste;
lineno=1301	text=These vacant leaves thy mind's imprint will bear,
lineno=1302	text=And of this book, this learning mayst thou taste.
lineno=1303	text=The wrinkles which thy glass will truly show
lineno=1304	text=Of mouthed graves will give thee memory;
lineno=1305	text=Thou by thy dial's shady stealth mayst know
lineno=1306	text=Time's thievish progress to eternity.
lineno=1307	text=Look! what thy memory cannot contain,
lineno=1308	text=Commit to these waste blanks, and thou shalt find
lineno=1309	text=Those children nursed, deliver'd from thy brain,
lineno=1310	text=To take a new acquaintance of thy mind.
lineno=1311	text=    These offices, so oft as thou wilt look,
lineno=1312	text=    Shall profit thee and much enrich thy book.
lineno=1313	text=
lineno=1314	text=LXXVIII
lineno=1315	text=
lineno=1316	text=So oft have I invoked thee for my Muse,
lineno=1317	text=And found such fair assistance in my verse
lineno=1318	text=As every alien pen hath got my use
lineno=1319	text=And under thee their poesy disperse.
lineno=1320	text=Thine eyes, that taught the dumb on high to sing
lineno=1321	text=And heavy ignorance aloft to fly,
lineno=1322	text=Have added feathers to the learned's wing
lineno=1323	text=And given grace a double majesty.
lineno=1324	text=Yet be most proud of that which I compile,
lineno=1325	text=Whose influence is thine, and born of thee:
lineno=1326	text=In others' works thou dost but mend the style,
lineno=1327	text=And arts with thy sweet graces graced be;
lineno=1328	text=    But thou art all my art, and dost advance
lineno=1329	text=    As high as learning, my rude ignorance.
lineno=1330	text=
lineno=1331	text=LXXIX
lineno=1332	text=
lineno=1333	text=Whilst I alone did call upon thy aid,
lineno=1334	text=My verse alone had all thy gentle grace;
lineno=1335	text=But now my gracious numbers are decay'd,
lineno=1336	text=And my sick Muse doth give an other place.
lineno=1337	text=I grant, sweet love, thy lovely argument
lineno=1338	text=Deserves the travail of a worthier pen;
lineno=1339	text=Yet what of thee thy poet doth invent
lineno=1340	text=He robs thee of, and pays it thee again.
lineno=1341	text=He lends thee virtue, and he stole that word
lineno=1342	text=From thy behaviour; beauty doth he give,
lineno=1343	text=And found it in thy cheek: he can afford
lineno=1344	text=No praise to thee, but what in thee doth live.
lineno=1345	text=    Then thank him not for that which he doth say,
lineno=1346	text=    Since what he owes thee, thou thyself dost pay.
lineno=1347	text=
lineno=1348	text=LXXX
lineno=1349	text=
lineno=1350	text=O how I faint when I of you do write,
lineno=1351	text=Knowing a better spirit doth use your name,
lineno=1352	text=And in the praise thereof spends all his might,
lineno=1353	text=To make me tongue-tied speaking of your fame!
lineno=1354	text=But since your worth, wide as the ocean is,
lineno=1355	text=The humble as the proudest sail doth bear,
lineno=1356	text=My saucy bark, inferior far to his,
lineno=1357	text=On your broad main doth wilfully appear.
lineno=1358	text=Your shallowest help will hold me up afloat,
lineno=1359	text=Whilst he upon your soundless deep doth ride;
lineno=1360	text=Or, being wrack'd, I am a worthless boat,
lineno=1361	text=He of tall building, and of goodly pride:
lineno=1362	text=    Then if he thrive and I be cast away,
lineno=1363	text=    The worst was this: my love was my decay.
lineno=1364	text=
lineno=1365	text=LXXXI
lineno=1366	text=
lineno=1367	text=Or I shall live your epitaph to make,
lineno=1368	text=Or you survive when I in earth am rotten;
lineno=1369	text=From hence your memory death cannot take,
lineno=1370	text=Although in me each part will be forgotten.
lineno=1371	text=Your name from hence immortal life shall have,
lineno=1372	text=Though I, once gone, to all the world must die:
lineno=1373	text=The earth can yield me but a common grave,
lineno=1374	text=When you entombed in men's eyes shall lie.
lineno=1375	text=Your monument shall be my gentle verse,
lineno=1376	text=Which eyes not yet created shall o'er-read;
lineno=1377	text=And tongues to be, your being shall rehearse,
lineno=1378	text=When all the breathers of this world are dead;
lineno=1379	text=    You still shall live, such virtue hath my pen,
lineno=1380	text=    Where breath most breathes, even in the mouths of men.
lineno=1381	text=
lineno=1382	text=LXXXII
lineno=1383	text=
lineno=1384	text=I grant thou wert not married to my Muse,
lineno=1385	text=And therefore mayst without attaint o'erlook
lineno=1386	text=The dedicated words which writers use
lineno=1387	text=Of their fair subject, blessing every book.
lineno=1388	text=Thou art as fair in knowledge as in hue,
lineno=1389	text=Finding thy worth a limit past my praise;
lineno=1390	text=And therefore art enforced to seek anew
lineno=1391	text=Some fresher stamp of the time-bettering days.
lineno=1392	text=And do so, love; yet when they have devis'd,
lineno=1393	text=What strained touches rhetoric can lend,
lineno=1394	text=Thou truly fair, wert truly sympathiz'd
lineno=1395	text=In true plain words, by thy true-telling friend;
lineno=1396	text=    And their gross painting might be better us'd
lineno=1397	text=    Where cheeks need blood; in thee it is abus'd.
lineno=1398	text=
lineno=1399	text=LXXXIII
lineno=1400	text=
lineno=1401	text=I never saw that you did painting need,
lineno=1402	text=And therefore to your fair no painting set;
lineno=1403	text=I found, or thought I found, you did exceed
lineno=1404	text=That barren tender of a poet's debt:
lineno=1405	text=And therefore have I slept in your report,
lineno=1406	text=That you yourself, being extant, well might show
lineno=1407	text=How far a modern quill doth come too short,
lineno=1408	text=Speaking of worth, what worth in you doth grow.
lineno=1409	text=This silence for my sin you did impute,
lineno=1410	text=Which shall be most my glory being dumb;
lineno=1411	text=For I impair not beauty being mute,
lineno=1412	text=When others would give life, and bring a tomb.
lineno=1413	text=    There lives more life in one of your fair eyes
lineno=1414	text=    Than both your poets can in praise devise.
lineno=1415	text=
lineno=1416	text=LXXXIV
lineno=1417	text=
lineno=1418	text=Who is it that says most, which can say more,
lineno=1419	text=Than this rich praise: that you alone are you,
lineno=1420	text=In whose confine immured is the store
lineno=1421	text=Which should example where your equal grew.
lineno=1422	text=Lean penury within that pen doth dwell
lineno=1423	text=That to his subject lends not some small glory;
lineno=1424	text=But he that writes of you, if he can tell
lineno=1425	text=That you are you, so dignifies his story,
lineno=1426	text=Let him but copy what in you is writ,
lineno=1427	text=Not making worse what nature made so clear,
lineno=1428	text=And such a counterpart shall fame his wit,
lineno=1429	text=Making his style admired every where.
lineno=1430	text=    You to your beauteous blessings add a curse,
lineno=1431	text=    Being fond on praise, which makes your praises worse.
lineno=1432	text=
lineno=1433	text=LXXXV
lineno=1434	text=
lineno=1435	text=My tongue-tied Muse in manners holds her still,
lineno=1436	text=While comments of your praise richly compil'd,
lineno=1437	text=Reserve their character with golden quill,
lineno=1438	text=And precious phrase by all the Muses fil'd.
lineno=1439	text=I think good thoughts, whilst others write good words,
lineno=1440	text=And like unlettered clerk still cry 'Amen'
lineno=1441	text=To every hymn that able spirit affords,
lineno=1442	text=In polish'd form of well-refined pen.
lineno=1443	text=Hearing you praised, I say ''tis so, 'tis true,'
lineno=1444	text=And to the most of praise add something more;
lineno=1445	text=But that is in my thought, whose love to you,
lineno=1446	text=Though words come hindmost, holds his rank before.
lineno=1447	text=    Then others, for the breath of words respect,
lineno=1448	text=    Me for my dumb thoughts, speaking in effect.
lineno=1449	text=
lineno=1450	text=LXXXVI
lineno=1451	text=
lineno=1452	text=Was it the proud full sail of his great verse,
lineno=1453	text=Bound for the prize of all too precious you,
lineno=1454	text=That did my ripe thoughts in my brain inhearse,
lineno=1455	text=Making their tomb the womb wherein they grew?
lineno=1456	text=Was it his spirit, by spirits taught to write,
lineno=1457	text=Above a mortal pitch, that struck me dead?
lineno=1458	text=No, neither he, nor his compeers by night
lineno=1459	text=Giving him aid, my verse astonished.
lineno=1460	text=He, nor that affable familiar ghost
lineno=1461	text=Which nightly gulls him with intelligence,
lineno=1462	text=As victors of my silence cannot boast;
lineno=1463	text=I was not sick of any fear from thence:
lineno=1464	text=    But when your countenance fill'd up his line,
lineno=1465	text=    Then lacked I matter; that enfeebled mine.
lineno=1466	text=
lineno=1467	text=LXXXVII
lineno=1468	text=
lineno=1469	text=Farewell! thou art too dear for my possessing,
lineno=1470	text=And like enough thou know'st thy estimate,
lineno=1471	text=The charter of thy worth gives thee releasing;
lineno=1472	text=My bonds in thee are all determinate.
lineno=1473	text=For how do I hold thee but by thy granting?
lineno=1474	text=And for that riches where is my deserving?
lineno=1475	text=The cause of this fair gift in me is wanting,
lineno=1476	text=And so my patent back again is swerving.
lineno=1477	text=Thyself thou gav'st, thy own worth then not knowing,
lineno=1478	text=Or me to whom thou gav'st it, else mistaking;
lineno=1479	text=So thy great gift, upon misprision growing,
lineno=1480	text=Comes home again, on better judgement making.
lineno=1481	text=    Thus have I had thee, as a dream doth flatter,
lineno=1482	text=    In sleep a king, but waking no such matter.
lineno=1483	text=
lineno=1484	text=LXXXVIII
lineno=1485	text=
lineno=1486	text=When thou shalt be dispos'd to set me light,
lineno=1487	text=And place my merit in the eye of scorn,
lineno=1488	text=Upon thy side, against myself I'll fight,
lineno=1489	text=And prove thee virtuous, though thou art forsworn.
lineno=1490	text=With mine own weakness, being best acquainted,
lineno=1491	text=Upon thy part I can set down a story
lineno=1492	text=Of faults conceal'd, wherein I am attainted;
lineno=1493	text=That thou in losing me shalt win much glory:
lineno=1494	text=And I by this will be a gainer too;
lineno=1495	text=For bending all my loving thoughts on thee,
lineno=1496	text=The injuries that to myself I do,
lineno=1497	text=Doing thee vantage, double-vantage me.
lineno=1498	text=    Such is my love, to thee I so belong,
lineno=1499	text=    That for thy right, myself will bear all wrong.
lineno=1500	text=
lineno=1501	text=LXXXIX
lineno=1502	text=
lineno=1503	text=Say that thou didst forsake me for some fault,
lineno=1504	text=And I will comment upon that offence:
lineno=1505	text=Speak of my lameness, and I straight will halt,
lineno=1506	text=Against thy reasons making no defence.
lineno=1507	text=Thou canst not love disgrace me half so ill,
lineno=1508	text=To set a form upon desired change,
lineno=1509	text=As I'll myself disgrace; knowing thy will,
lineno=1510	text=I will acquaintance strangle, and look strange;
lineno=1511	text=Be absent from thy walks; and in my tongue
lineno=1512	text=Thy sweet beloved name no more shall dwell,
lineno=1513	text=Lest I, too much profane, should do it wrong,
lineno=1514	text=And haply of our old acquaintance tell.
lineno=1515	text=    For thee, against my self I'll vow debate,
lineno=1516	text=    For I must ne'er love him whom thou dost hate.
lineno=1517	text=
lineno=1518	text=XC
lineno=1519	text=
lineno=1520	text=Then hate me when thou wilt; if ever, now;
lineno=1521	text=Now, while the world is bent my deeds to cross,
lineno=1522	text=Join with the spite of fortune, make me bow,
lineno=1523	text=And do not drop in for an after-loss:
lineno=1524	text=Ah! do not, when my heart hath 'scap'd this sorrow,
lineno=1525	text=Come in the rearward of a conquer'd woe;
lineno=1526	text=Give not a windy night a rainy morrow,
lineno=1527	text=To linger out a purpos'd overthrow.
lineno=1528	text=If thou wilt leave me, do not leave me last,
lineno=1529	text=When other petty griefs have done their spite,
lineno=1530	text=But in the onset come: so shall I taste
lineno=1531	text=At first the very worst of fortune's might;
lineno=1532	text=    And other strains of woe, which now seem woe,
lineno=1533	text=    Compar'd with loss of thee, will not seem so.
lineno=1534	text=
lineno=1535	text=XCI
lineno=1536	text=
lineno=1537	text=Some glory in their birth, some in their skill,
lineno=1538	text=Some in their wealth, some in their body's force,
lineno=1539	text=Some in their garments though new-fangled ill;
lineno=1540	text=Some in their hawks and hounds, some in their horse;
lineno=1541	text=And every humour hath his adjunct pleasure,
lineno=1542	text=Wherein it finds a joy above the rest:
lineno=1543	text=But these particulars are not my measure,
lineno=1544	text=All these I better in one general best.
lineno=1545	text=Thy love is better than high birth to me,
lineno=1546	text=Richer than wealth, prouder than garments' costs,
lineno=1547	text=Of more delight than hawks and horses be;
lineno=1548	text=And having thee, of all men's pride I boast:
lineno=1549	text=    Wretched in this alone, that thou mayst take
lineno=1550	text=    All this away, and me most wretched make.
lineno=1551	text=
lineno=1552	text=XCII
lineno=1553	text=
lineno=1554	text=But do thy worst to steal thyself away,
lineno=1555	text=For term of life thou art assured mine;
lineno=1556	text=And life no longer than thy love will stay,
lineno=1557	text=For it depends upon that love of thine.
lineno=1558	text=Then need I not to fear the worst of wrongs,
lineno=1559	text=When in the least of them my life hath end.
lineno=1560	text=I see a better state to me belongs
lineno=1561	text=Than that which on thy humour doth depend:
lineno=1562	text=Thou canst not vex me with inconstant mind,
lineno=1563	text=Since that my life on thy revolt doth lie.
lineno=1564	text=O! what a happy title do I find,
lineno=1565	text=Happy to have thy love, happy to die!
lineno=1566	text=    But what's so blessed-fair that fears no blot?
lineno=1567	text=    Thou mayst be false, and yet I know it not.
lineno=1568	text=
lineno=1569	text=XCIII
lineno=1570	text=
lineno=1571	text=So shall I live, supposing thou art true,
lineno=1572	text=Like a deceived husband; so love's face
lineno=1573	text=May still seem love to me, though alter'd new;
lineno=1574	text=Thy looks with me, thy heart in other place:
lineno=1575	text=For there can live no hatred in thine eye,
lineno=1576	text=Therefore in that I cannot know thy change.
lineno=1577	text=In many's looks, the false heart's history
lineno=1578	text=Is writ in moods, and frowns, and wrinkles strange.
lineno=1579	text=But heaven in thy creation did decree
lineno=1580	text=That in thy face sweet love should ever dwell;
lineno=1581	text=Whate'er thy thoughts, or thy heart's workings be,
lineno=1582	text=Thy looks should nothing thence, but sweetness tell.
lineno=1583	text=    How like Eve's apple doth thy beauty grow,
lineno=1584	text=    If thy sweet virtue answer not thy show!
lineno=1585	text=
lineno=1586	text=XCIV
lineno=1587	text=
lineno=1588	text=They that have power to hurt, and will do none,
lineno=1589	text=That do not do the thing they most do show,
lineno=1590	text=Who, moving others, are themselves as stone,
lineno=1591	text=Unmoved, cold, and to temptation slow;
lineno=1592	text=They rightly do inherit heaven's graces,
lineno=1593	text=And husband nature's riches from expense;
lineno=1594	text=They are the lords and owners of their faces,
lineno=1595	text=Others, but stewards of their excellence.
lineno=1596	text=The summer's flower is to the summer sweet,
lineno=1597	text=Though to itself, it only live and die,
lineno=1598	text=But if that flower with base infection meet,
lineno=1599	text=The basest weed outbraves his dignity:
lineno=1600	text=    For sweetest things turn sourest by their deeds;
lineno=1601	text=    Lilies that fester, smell far worse than weeds.
lineno=1602	text=
lineno=1603	text=XCV
lineno=1604	text=
lineno=1605	text=How sweet and lovely dost thou make the shame
lineno=1606	text=Which, like a canker in the fragrant rose,
lineno=1607	text=Doth spot the beauty of thy budding name!
lineno=1608	text=O! in what sweets dost thou thy sins enclose.
lineno=1609	text=That tongue that tells the story of thy days,
lineno=1610	text=Making lascivious comments on thy sport,
lineno=1611	text=Cannot dispraise, but in a kind of praise;
lineno=1612	text=Naming thy name, blesses an ill report.
lineno=1613	text=O! what a mansion have those vices got
lineno=1614	text=Which for their habitation chose out thee,
lineno=1615	text=Where beauty's veil doth cover every blot
lineno=1616	text=And all things turns to fair that eyes can see!
lineno=1617	text=    Take heed, dear heart, of this large privilege;
lineno=1618	text=    The hardest knife ill-us'd doth lose his edge.
lineno=1619	text=
lineno=1620	text=XCVI
lineno=1621	text=
lineno=1622	text=Some say thy fault is youth, some wantonness;
lineno=1623	text=Some say thy grace is youth and gentle sport;
lineno=1624	text=Both grace and faults are lov'd of more and less:
lineno=1625	text=Thou mak'st faults graces that to thee resort.
lineno=1626	text=As on the finger of a throned queen
lineno=1627	text=The basest jewel will be well esteem'd,
lineno=1628	text=So are those errors that in thee are seen
lineno=1629	text=To truths translated, and for true things deem'd.
lineno=1630	text=How many lambs might the stern wolf betray,
lineno=1631	text=If like a lamb he could his looks translate!
lineno=1632	text=How many gazers mightst thou lead away,
lineno=1633	text=If thou wouldst use the strength of all thy state!
lineno=1634	text=    But do not so; I love thee in such sort,
lineno=1635	text=    As, thou being mine, mine is thy good report.
lineno=1636	text=
lineno=1637	text=XCVII
lineno=1638	text=
lineno=1639	text=How like a winter hath my absence been
lineno=1640	text=From thee, the pleasure of the fleeting year!
lineno=1641	text=What freezings have I felt, what dark days seen!
lineno=1642	text=What old December's bareness everywhere!
lineno=1643	text=And yet this time removed was summer's time;
lineno=1644	text=The teeming autumn, big with rich increase,
lineno=1645	text=Bearing the wanton burden of the prime,
lineno=1646	text=Like widow'd wombs after their lords' decease:
lineno=1647	text=Yet this abundant issue seem'd to me
lineno=1648	text=But hope of orphans, and unfather'd fruit;
lineno=1649	text=For summer and his pleasures wait on thee,
lineno=1650	text=And, thou away, the very birds are mute:
lineno=1651	text=    Or, if they sing, 'tis with so dull a cheer,
lineno=1652	text=    That leaves look pale, dreading the winter's near.
lineno=1653	text=
lineno=1654	text=XCVIII
lineno=1655	text=
lineno=1656	text=From you have I been absent in the spring,
lineno=1657	text=When proud-pied April, dress'd in all his trim,
lineno=1658	text=Hath put a spirit of youth in every thing,
lineno=1659	text=That heavy Saturn laugh'd and leap'd with him.
lineno=1660	text=Yet nor the lays of birds, nor the sweet smell
lineno=1661	text=Of different flowers in odour and in hue,
lineno=1662	text=Could make me any summer's story tell,
lineno=1663	text=Or from their proud lap pluck them where they grew:
lineno=1664	text=Nor did I wonder at the lily's white,
lineno=1665	text=Nor praise the deep vermilion in the rose;
lineno=1666	text=They were but sweet, but figures of delight,
lineno=1667	text=Drawn after you, you pattern of all those.
lineno=1668	text=    Yet seem'd it winter still, and you away,
lineno=1669	text=    As with your shadow I with these did play.
lineno=1670	text=
lineno=1671	text=XCIX
lineno=1672	text=
lineno=1673	text=The forward violet thus did I chide:
lineno=1674	text=Sweet thief, whence didst thou steal thy sweet that smells,
lineno=1675	text=If not from my love's breath? The purple pride
lineno=1676	text=Which on thy soft cheek for complexion dwells
lineno=1677	text=In my love's veins thou hast too grossly dy'd.
lineno=1678	text=The lily I condemned for thy hand,
lineno=1679	text=And buds of marjoram had stol'n thy hair;
lineno=1680	text=The roses fearfully on thorns did stand,
lineno=1681	text=One blushing shame, another white despair;
lineno=1682	text=A third, nor red nor white, had stol'n of both,
lineno=1683	text=And to his robbery had annex'd thy breath;
lineno=1684	text=But, for his theft, in pride of all his growth
lineno=1685	text=A vengeful canker eat him up to death.
lineno=1686	text=    More flowers I noted, yet I none could see,
lineno=1687	text=    But sweet, or colour it had stol'n from thee.
lineno=1688	text=
lineno=1689	text=C
lineno=1690	text=
lineno=1691	text=Where art thou Muse that thou forget'st so long,
lineno=1692	text=To speak of that which gives thee all thy might?
lineno=1693	text=Spend'st thou thy fury on some worthless song,
lineno=1694	text=Darkening thy power to lend base subjects light?
lineno=1695	text=Return forgetful Muse, and straight redeem,
lineno=1696	text=In gentle numbers time so idly spent;
lineno=1697	text=Sing to the ear that doth thy lays esteem
lineno=1698	text=And gives thy pen both skill and argument.
lineno=1699	text=Rise, resty Muse, my love's sweet face survey,
lineno=1700	text=If Time have any wrinkle graven there;
lineno=1701	text=If any, be a satire to decay,
lineno=1702	text=And make time's spoils despised every where.
lineno=1703	text=    Give my love fame faster than Time wastes life,
lineno=1704	text=    So thou prevent'st his scythe and crooked knife.
lineno=1705	text=
lineno=1706	text=CI
lineno=1707	text=
lineno=1708	text=O truant Muse what shall be thy amends
lineno=1709	text=For thy neglect of truth in beauty dy'd?
lineno=1710	text=Both truth and beauty on my love depends;
lineno=1711	text=So dost thou too, and therein dignified.
lineno=1712	text=Make answer Muse: wilt thou not haply say,
lineno=1713	text='Truth needs no colour, with his colour fix'd;
lineno=1714	text=Beauty no pencil, beauty's truth to lay;
lineno=1715	text=But best is best, if never intermix'd'?
lineno=1716	text=Because he needs no praise, wilt thou be dumb?
lineno=1717	text=Excuse not silence so, for't lies in thee
lineno=1718	text=To make him much outlive a gilded tomb
lineno=1719	text=And to be prais'd of ages yet to be.
lineno=1720	text=    Then do thy office, Muse; I teach thee how
lineno=1721	text=    To make him seem long hence as he shows now.
lineno=1722	text=
lineno=1723	text=CII
lineno=1724	text=
lineno=1725	text=My love is strengthen'd, though more weak in seeming;
lineno=1726	text=I love not less, though less the show appear;
lineno=1727	text=That love is merchandiz'd, whose rich esteeming,
lineno=1728	text=The owner's tongue doth publish every where.
lineno=1729	text=Our love was new, and then but in the spring,
lineno=1730	text=When I was wont to greet it with my lays;
lineno=1731	text=As Philomel in summer's front doth sing,
lineno=1732	text=And stops her pipe in growth of riper days:
lineno=1733	text=Not that the summer is less pleasant now
lineno=1734	text=Than when her mournful hymns did hush the night,
lineno=1735	text=But that wild music burthens every bough,
lineno=1736	text=And sweets grown common lose their dear delight.
lineno=1737	text=    Therefore like her, I sometime hold my tongue:
lineno=1738	text=    Because I would not dull you with my song.
lineno=1739	text=
lineno=1740	text=CIII
lineno=1741	text=
lineno=1742	text=Alack! what poverty my Muse brings forth,
lineno=1743	text=That having such a scope to show her pride,
lineno=1744	text=The argument, all bare, is of more worth
lineno=1745	text=Than when it hath my added praise beside!
lineno=1746	text=O! blame me not, if I no more can write!
lineno=1747	text=Look in your glass, and there appears a face
lineno=1748	text=That over-goes my blunt invention quite,
lineno=1749	text=Dulling my lines, and doing me disgrace.
lineno=1750	text=Were it not sinful then, striving to mend,
lineno=1751	text=To mar the subject that before was well?
lineno=1752	text=For to no other pass my verses tend
lineno=1753	text=Than of your graces and your gifts to tell;
lineno=1754	text=    And more, much more, than in my verse can sit,
lineno=1755	text=    Your own glass shows you when you look in it.
lineno=1756	text=
lineno=1757	text=CIV
lineno=1758	text=
lineno=1759	text=To me, fair friend, you never can be old,
lineno=1760	text=For as you were when first your eye I ey'd,
lineno=1761	text=Such seems your beauty still. Three winters cold,
lineno=1762	text=Have from the forests shook three summers' pride,
lineno=1763	text=Three beauteous springs to yellow autumn turn'd,
lineno=1764	text=In process of the seasons have I seen,
lineno=1765	text=Three April perfumes in three hot Junes burn'd,
lineno=1766	text=Since first I saw you fresh, which yet are green.
lineno=1767	text=Ah! yet doth beauty like a dial-hand,
lineno=1768	text=Steal from his figure, and no pace perceiv'd;
lineno=1769	text=So your sweet hue, which methinks still doth stand,
lineno=1770	text=Hath motion, and mine eye may be deceiv'd:
lineno=1771	text=    For fear of which, hear this thou age unbred:
lineno=1772	text=    Ere you were born was beauty's summer dead.
lineno=1773	text=
lineno=1774	text=CV
lineno=1775	text=
lineno=1776	text=Let not my love be call'd idolatry,
lineno=1777	text=Nor my beloved as an idol show,
lineno=1778	text=Since all alike my songs and praises be
lineno=1779	text=To one, of one, still such, and ever so.
lineno=1780	text=Kind is my love to-day, to-morrow kind,
lineno=1781	text=Still constant in a wondrous excellence;
lineno=1782	text=Therefore my verse to constancy confin'd,
lineno=1783	text=One thing expressing, leaves out difference.
lineno=1784	text='Fair, kind, and true,' is all my argument,
lineno=1785	text='Fair, kind, and true,' varying to other words;
lineno=1786	text=And in this change is my invention spent,
lineno=1787	text=Three themes in one, which wondrous scope affords.
lineno=1788	text=    Fair, kind, and true, have often liv'd alone,
lineno=1789	text=    Which three till now, never kept seat in one.
lineno=1790	text=
lineno=1791	text=CVI
lineno=1792	text=
lineno=1793	text=When in the chronicle of wasted time
lineno=1794	text=I see descriptions of the fairest wights,
lineno=1795	text=And beauty making beautiful old rime,
lineno=1796	text=In praise of ladies dead and lovely knights,
lineno=1797	text=Then, in the blazon of sweet beauty's best,
lineno=1798	text=Of hand, of foot, of lip, of eye, of brow,
lineno=1799	text=I see their antique pen would have express'd
lineno=1800	text=Even such a beauty as you master now.
lineno=1801	text=So all their praises are but prophecies
lineno=1802	text=Of this our time, all you prefiguring;
lineno=1803	text=And for they looked but with divining eyes,
lineno=1804	text=They had not skill enough your worth to sing:
lineno=1805	text=    For we, which now behold these present days,
lineno=1806	text=    Have eyes to wonder, but lack tongues to praise.
lineno=1807	text=
lineno=1808	text=CVII
lineno=1809	text=
lineno=1810	text=Not mine own fears, nor the prophetic soul
lineno=1811	text=Of the wide world dreaming on things to come,
lineno=1812	text=Can yet the lease of my true love control,
lineno=1813	text=Supposed as forfeit to a confin'd doom.
lineno=1814	text=The mortal moon hath her eclipse endur'd,
lineno=1815	text=And the sad augurs mock their own presage;
lineno=1816	text=Incertainties now crown themselves assur'd,
lineno=1817	text=And peace proclaims olives of endless age.
lineno=1818	text=Now with the drops of this most balmy time,
lineno=1819	text=My love looks fresh, and Death to me subscribes,
lineno=1820	text=Since, spite of him, I'll live in this poor rime,
lineno=1821	text=While he insults o'er dull and speechless tribes:
lineno=1822	text=    And thou in this shalt find thy monument,
lineno=1823	text=    When tyrants' crests and tombs of brass are spent.
lineno=1824	text=
lineno=1825	text=CVIII
lineno=1826	text=
lineno=1827	text=What's in the brain, that ink may character,
lineno=1828	text=Which hath not figur'd to thee my true spirit?
lineno=1829	text=What's new to speak, what now to register,
lineno=1830	text=That may express my love, or thy dear merit?
lineno=1831	text=Nothing, sweet boy; but yet, like prayers divine,
lineno=1832	text=I must each day say o'er the very same;
lineno=1833	text=Counting no old thing old, thou mine, I thine,
lineno=1834	text=Even as when first I hallow'd thy fair name.
lineno=1835	text=So that eternal love in love's fresh case,
lineno=1836	text=Weighs not the dust and injury of age,
lineno=1837	text=Nor gives to necessary wrinkles place,
lineno=1838	text=But makes antiquity for aye his page;
lineno=1839	text=    Finding the first conceit of love there bred,
lineno=1840	text=    Where time and outward form would show it dead.
lineno=1841	text=
lineno=1842	text=CIX
lineno=1843	text=
lineno=1844	text=O! never say that I was false of heart,
lineno=1845	text=Though absence seem'd my flame to qualify,
lineno=1846	text=As easy might I from my self depart
lineno=1847	text=As from my soul which in thy breast doth lie:
lineno=1848	text=That is my home of love: if I have rang'd,
lineno=1849	text=Like him that travels, I return again;
lineno=1850	text=Just to the time, not with the time exchang'd,
lineno=1851	text=So that myself bring water for my stain.
lineno=1852	text=Never believe though in my nature reign'd,
lineno=1853	text=All frailties that besiege all kinds of blood,
lineno=1854	text=That it could so preposterously be stain'd,
lineno=1855	text=To leave for nothing all thy sum of good;
lineno=1856	text=    For nothing this wide universe I call,
lineno=1857	text=    Save thou, my rose, in it thou art my all.
lineno=1858	text=
lineno=1859	text=CX
lineno=1860	text=
lineno=1861	text=Alas! 'tis true, I have gone here and there,
lineno=1862	text=And made my self a motley to the view,
lineno=1863	text=Gor'd mine own thoughts, sold cheap what is most dear,
lineno=1864	text=Made old offences of affections new;
lineno=1865	text=Most true it is, that I have look'd on truth
lineno=1866	text=Askance and strangely; but, by all above,
lineno=1867	text=These blenches gave my heart another youth,
lineno=1868	text=And worse essays prov'd thee my best of love.
lineno=1869	text=Now all is done, save what shall have no end:
lineno=1870	text=Mine appetite I never more will grind
lineno=1871	text=On newer proof, to try an older friend,
lineno=1872	text=A god in love, to whom I am confin'd.
lineno=1873	text=    Then give me welcome, next my heaven the best,
lineno=1874	text=    Even to thy pure and most most loving breast.
lineno=1875	text=
lineno=1876	text=CXI
lineno=1877	text=
lineno=1878	text=O! for my sake do you with Fortune chide,
lineno=1879	text=The guilty goddess of my harmful deeds,
lineno=1880	text=That did not better for my life provide
lineno=1881	text=Than public means which public manners breeds.
lineno=1882	text=Thence comes it that my name receives a brand,
lineno=1883	text=And almost thence my nature is subdu'd
lineno=1884	text=To what it works in, like the dyer's hand:
lineno=1885	text=Pity me, then, and wish I were renew'd;
lineno=1886	text=Whilst, like a willing patient, I will drink,
lineno=1887	text=Potions of eisel 'gainst my strong infection;
lineno=1888	text=No bitterness that I will bitter think,
lineno=1889	text=Nor double penance, to correct correction.
lineno=1890	text=    Pity me then, dear friend, and I assure ye,
lineno=1891	text=    Even that your pity is enough to cure me.
lineno=1892	text=
lineno=1893	text=CXII
lineno=1894	text=
lineno=1895	text=Your love and pity doth the impression fill,
lineno=1896	text=Which vulgar scandal stamp'd upon my brow;
lineno=1897	text=For what care I who calls me well or ill,
lineno=1898	text=So you o'er-green my bad, my good allow?
lineno=1899	text=You are my all-the-world, and I must strive
lineno=1900	text=To know my shames and praises from your tongue;
lineno=1901	text=None else to me, nor I to none alive,
lineno=1902	text=That my steel'd sense or changes right or wrong.
lineno=1903	text=In so profound abysm I throw all care
lineno=1904	text=Of others' voices, that my adder's sense
lineno=1905	text=To critic and to flatterer stopped are.
lineno=1906	text=Mark how with my neglect I do dispense:
lineno=1907	text=    You are so strongly in my purpose bred,
lineno=1908	text=    That all the world besides methinks are dead.
lineno=1909	text=
lineno=1910	text=CXIII
lineno=1911	text=
lineno=1912	text=Since I left you, mine eye is in my mind;
lineno=1913	text=And that which governs me to go about
lineno=1914	text=Doth part his function and is partly blind,
lineno=1915	text=Seems seeing, but effectually is out;
lineno=1916	text=For it no form delivers to the heart
lineno=1917	text=Of bird, of flower, or shape which it doth latch:
lineno=1918	text=Of his quick objects hath the mind no part,
lineno=1919	text=Nor his own vision holds what it doth catch;
lineno=1920	text=For if it see the rud'st or gentlest sight,
lineno=1921	text=The most sweet favour or deformed'st creature,
lineno=1922	text=The mountain or the sea, the day or night:
lineno=1923	text=The crow, or dove, it shapes them to your feature.
lineno=1924	text=    Incapable of more, replete with you,
lineno=1925	text=    My most true mind thus maketh mine untrue.
lineno=1926	text=
lineno=1927	text=CXIV
lineno=1928	text=
lineno=1929	text=Or whether doth my mind, being crown'd with you,
lineno=1930	text=Drink up the monarch's plague, this flattery?
lineno=1931	text=Or whether shall I say, mine eye saith true,
lineno=1932	text=And that your love taught it this alchemy,
lineno=1933	text=To make of monsters and things indigest
lineno=1934	text=Such cherubins as your sweet self resemble,
lineno=1935	text=Creating every bad a perfect best,
lineno=1936	text=As fast as objects to his beams assemble?
lineno=1937	text=O! 'tis the first, 'tis flattery in my seeing,
lineno=1938	text=And my great mind most kingly drinks it up:
lineno=1939	text=Mine eye well knows what with his gust is 'greeing,
lineno=1940	text=And to his palate doth prepare the cup:
lineno=1941	text=    If it be poison'd, 'tis the lesser sin
lineno=1942	text=    That mine eye loves it and doth first begin.
lineno=1943	text=
lineno=1944	text=CXV
lineno=1945	text=
lineno=1946	text=Those lines that I before have writ do lie,
lineno=1947	text=Even those that said I could not love you dearer:
lineno=1948	text=Yet then my judgement knew no reason why
lineno=1949	text=My most full flame should afterwards burn clearer.
lineno=1950	text=But reckoning Time, whose million'd accidents
lineno=1951	text=Creep in 'twixt vows, and change decrees of kings,
lineno=1952	text=Tan sacred beauty, blunt the sharp'st intents,
lineno=1953	text=Divert strong minds to the course of altering things;
lineno=1954	text=Alas! why fearing of Time's tyranny,
lineno=1955	text=Might I not then say, 'Now I love you best,'
lineno=1956	text=When I was certain o'er incertainty,
lineno=1957	text=Crowning the present, doubting of the rest?
lineno=1958	text=    Love is a babe, then might I not say so,
lineno=1959	text=    To give full growth to that which still doth grow?
lineno=1960	text=
lineno=1961	text=CXVI
lineno=1962	text=
lineno=1963	text=Let me not to the marriage of true minds
lineno=1964	text=Admit impediments. Love is not love
lineno=1965	text=Which alters when it alteration finds,
lineno=1966	text=Or bends with the remover to remove:
lineno=1967	text=O, no! it is an ever-fixed mark,
lineno=1968	text=That looks on tempests and is never shaken;
lineno=1969	text=It is the star to every wandering bark,
lineno=1970	text=Whose worth's unknown, although his height be taken.
lineno=1971	text=Love's not Time's fool, though rosy lips and cheeks
lineno=1972	text=Within his bending sickle's compass come;
lineno=1973	text=Love alters not with his brief hours and weeks,
lineno=1974	text=But bears it out even to the edge of doom.
lineno=1975	text=    If this be error and upon me prov'd,
lineno=1976	text=    I never writ, nor no man ever lov'd.
lineno=1977	text=
lineno=1978	text=CXVII
lineno=1979	text=
lineno=1980	text=Accuse me thus: that I have scanted all,
lineno=1981	text=Wherein I should your great deserts repay,
lineno=1982	text=Forgot upon your dearest love to call,
lineno=1983	text=Whereto all bonds do tie me day by day;
lineno=1984	text=That I have frequent been with unknown minds,
lineno=1985	text=And given to time your own dear-purchas'd right;
lineno=1986	text=That I have hoisted sail to all the winds
lineno=1987	text=Which should transport me farthest from your sight.
lineno=1988	text=Book both my wilfulness and errors down,
lineno=1989	text=And on just proof surmise, accumulate;
lineno=1990	text=Bring me within the level of your frown,
lineno=1991	text=But shoot not at me in your waken'd hate;
lineno=1992	text=    Since my appeal says I did strive to prove
lineno=1993	text=    The constancy and virtue of your love.
lineno=1994	text=
lineno=1995	text=CXVIII
lineno=1996	text=
lineno=1997	text=Like as, to make our appetite more keen,
lineno=1998	text=With eager compounds we our palate urge;
lineno=1999	text=As, to prevent our maladies unseen,
lineno=2000	text=We sicken to shun sickness when we purge;
lineno=2001	text=Even so, being full of your ne'er-cloying sweetness,
lineno=2002	text=To bitter sauces did I frame my feeding;
lineno=2003	text=And, sick of welfare, found a kind of meetness
lineno=2004	text=To be diseas'd, ere that there was true needing.
lineno=2005	text=Thus policy in love, to anticipate
lineno=2006	text=The ills that were not, grew to faults assur'd,
lineno=2007	text=And brought to medicine a healthful state
lineno=2008	text=Which, rank of goodness, would by ill be cur'd;
lineno=2009	text=    But thence I learn and find the lesson true,
lineno=2010	text=    Drugs poison him that so fell sick of you.
lineno=2011	text=
lineno=2012	text=CXIX
lineno=2013	text=
lineno=2014	text=What potions have I drunk of Siren tears,
lineno=2015	text=Distill'd from limbecks foul as hell within,
lineno=2016	text=Applying fears to hopes, and hopes to fears,
lineno=2017	text=Still losing when I saw myself to win!
lineno=2018	text=What wretched errors hath my heart committed,
lineno=2019	text=Whilst it hath thought itself so blessed never!
lineno=2020	text=How have mine eyes out of their spheres been fitted,
lineno=2021	text=In the distraction of this madding fever!
lineno=2022	text=O benefit of ill! now I find true
lineno=2023	text=That better is, by evil still made better;
lineno=2024	text=And ruin'd love, when it is built anew,
lineno=2025	text=Grows fairer than at first, more strong, far greater.
lineno=2026	text=    So I return rebuk'd to my content,
lineno=2027	text=    And gain by ill thrice more than I have spent.
lineno=2028	text=
lineno=2029	text=CXX
lineno=2030	text=
lineno=2031	text=That you were once unkind befriends me now,
lineno=2032	text=And for that sorrow, which I then did feel,
lineno=2033	text=Needs must I under my transgression bow,
lineno=2034	text=Unless my nerves were brass or hammer'd steel.
lineno=2035	text=For if you were by my unkindness shaken,
lineno=2036	text=As I by yours, you've pass'd a hell of time;
lineno=2037	text=And I, a tyrant, have no leisure taken
lineno=2038	text=To weigh how once I suffer'd in your crime.
lineno=2039	text=O! that our night of woe might have remember'd
lineno=2040	text=My deepest sense, how hard true sorrow hits,
lineno=2041	text=And soon to you, as you to me, then tender'd
lineno=2042	text=The humble salve, which wounded bosoms fits!
lineno=2043	text=    But that your trespass now becomes a fee;
lineno=2044	text=    Mine ransoms yours, and yours must ransom me.
lineno=2045	text=
lineno=2046	text=CXXI
lineno=2047	text=
lineno=2048	text='Tis better to be vile than vile esteem'd,
lineno=2049	text=When not to be receives reproach of being;
lineno=2050	text=And the just pleasure lost, which is so deem'd
lineno=2051	text=Not by our feeling, but by others' seeing:
lineno=2052	text=For why should others' false adulterate eyes
lineno=2053	text=Give salutation to my sportive blood?
lineno=2054	text=Or on my frailties why are frailer spies,
lineno=2055	text=Which in their wills count bad what I think good?
lineno=2056	text=No, I am that I am, and they that level
lineno=2057	text=At my abuses reckon up their own:
lineno=2058	text=I may be straight though they themselves be bevel;
lineno=2059	text=By their rank thoughts, my deeds must not be shown;
lineno=2060	text=    Unless this general evil they maintain,
lineno=2061	text=    All men are bad and in their badness reign.
lineno=2062	text=
lineno=2063	text=CXXII
lineno=2064	text=
lineno=2065	text=Thy gift, thy tables, are within my brain
lineno=2066	text=Full character'd with lasting memory,
lineno=2067	text=Which shall above that idle rank remain,
lineno=2068	text=Beyond all date; even to eternity:
lineno=2069	text=Or, at the least, so long as brain and heart
lineno=2070	text=Have faculty by nature to subsist;
lineno=2071	text=Till each to raz'd oblivion yield his part
lineno=2072	text=Of thee, thy record never can be miss'd.
lineno=2073	text=That poor retention could not so much hold,
lineno=2074	text=Nor need I tallies thy dear love to score;
lineno=2075	text=Therefore to give them from me was I bold,
lineno=2076	text=To trust those tables that receive thee more:
lineno=2077	text=    To keep an adjunct to remember thee
lineno=2078	text=    Were to import forgetfulness in me.
lineno=2079	text=
lineno=2080	text=CXXIII
lineno=2081	text=
lineno=2082	text=No, Time, thou shalt not boast that I do change:
lineno=2083	text=Thy pyramids built up with newer might
lineno=2084	text=To me are nothing novel, nothing strange;
lineno=2085	text=They are but dressings of a former sight.
lineno=2086	text=Our dates are brief, and therefore we admire
lineno=2087	text=What thou dost foist upon us that is old;
lineno=2088	text=And rather make them born to our desire
lineno=2089	text=Than think that we before have heard them told.
lineno=2090	text=Thy registers and thee I both defy,
lineno=2091	text=Not wondering at the present nor the past,
lineno=2092	text=For thy records and what we see doth lie,
lineno=2093	text=Made more or less by thy continual haste.
lineno=2094	text=    This I do vow and this shall ever be;
lineno=2095	text=    I will be true despite thy scythe and thee.
lineno=2096	text=
lineno=2097	text=CXXIV
lineno=2098	text=
lineno=2099	text=If my dear love were but the child of state,
lineno=2100	text=It might for Fortune's bastard be unfather'd,
lineno=2101	text=As subject to Time's love or to Time's hate,
lineno=2102	text=Weeds among weeds, or flowers with flowers gather'd.
lineno=2103	text=No, it was builded far from accident;
lineno=2104	text=It suffers not in smiling pomp, nor falls
lineno=2105	text=Under the blow of thralled discontent,
lineno=2106	text=Whereto th' inviting time our fashion calls:
lineno=2107	text=It fears not policy, that heretic,
lineno=2108	text=Which works on leases of short-number'd hours,
lineno=2109	text=But all alone stands hugely politic,
lineno=2110	text=That it nor grows with heat, nor drowns with showers.
lineno=2111	text=    To this I witness call the fools of time,
lineno=2112	text=    Which die for goodness, who have lived for crime.
lineno=2113	text=
lineno=2114	text=CXXV
lineno=2115	text=
lineno=2116	text=Were't aught to me I bore the canopy,
lineno=2117	text=With my extern the outward honouring,
lineno=2118	text=Or laid great bases for eternity,
lineno=2119	text=Which proves more short than waste or ruining?
lineno=2120	text=Have I not seen dwellers on form and favour
lineno=2121	text=Lose all and more by paying too much rent
lineno=2122	text=For compound sweet; forgoing simple savour,
lineno=2123	text=Pitiful thrivers, in their gazing spent?
lineno=2124	text=No; let me be obsequious in thy heart,
lineno=2125	text=And take thou my oblation, poor but free,
lineno=2126	text=Which is not mix'd with seconds, knows no art,
lineno=2127	text=But mutual render, only me for thee.
lineno=2128	text=    Hence, thou suborned informer! a true soul
lineno=2129	text=    When most impeach'd, stands least in thy control.
lineno=2130	text=
lineno=2131	text=CXXVI
lineno=2132	text=
lineno=2133	text=O thou, my lovely boy, who in thy power
lineno=2134	text=Dost hold Time's fickle glass, his fickle hour;
lineno=2135	text=Who hast by waning grown, and therein show'st
lineno=2136	text=Thy lovers withering, as thy sweet self grow'st.
lineno=2137	text=If Nature, sovereign mistress over wrack,
lineno=2138	text=As thou goest onwards, still will pluck thee back,
lineno=2139	text=She keeps thee to this purpose, that her skill
lineno=2140	text=May time disgrace and wretched minutes kill.
lineno=2141	text=Yet fear her, O thou minion of her pleasure!
lineno=2142	text=She may detain, but not still keep, her treasure:
lineno=2143	text=    Her audit (though delayed) answered must be,
lineno=2144	text=    And her quietus is to render thee.
lineno=2145	text=
lineno=2146	text=CXXVII
lineno=2147	text=
lineno=2148	text=In the old age black was not counted fair,
lineno=2149	text=Or if it were, it bore not beauty's name;
lineno=2150	text=But now is black beauty's successive heir,
lineno=2151	text=And beauty slander'd with a bastard shame:
lineno=2152	text=For since each hand hath put on Nature's power,
lineno=2153	text=Fairing the foul with Art's false borrowed face,
lineno=2154	text=Sweet beauty hath no name, no holy bower,
lineno=2155	text=But is profan'd, if not lives in disgrace.
lineno=2156	text=Therefore my mistress' eyes are raven black,
lineno=2157	text=Her eyes so suited, and they mourners seem
lineno=2158	text=At such who, not born fair, no beauty lack,
lineno=2159	text=Sland'ring creation with a false esteem:
lineno=2160	text=    Yet so they mourn becoming of their woe,
lineno=2161	text=    That every tongue says beauty should look so.
lineno=2162	text=
lineno=2163	text=CXXVIII
lineno=2164	text=
lineno=2165	text=How oft when thou, my music, music play'st,
lineno=2166	text=Upon that blessed wood whose motion sounds
lineno=2167	text=With thy sweet fingers when thou gently sway'st
lineno=2168	text=The wiry concord that mine ear confounds,
lineno=2169	text=Do I envy those jacks that nimble leap,
lineno=2170	text=To kiss the tender inward of thy hand,
lineno=2171	text=Whilst my poor lips which should that harvest reap,
lineno=2172	text=At the wood's boldness by thee blushing stand!
lineno=2173	text=To be so tickled, they would change their state
lineno=2174	text=And situation with those dancing chips,
lineno=2175	text=O'er whom thy fingers walk with gentle gait,
lineno=2176	text=Making dead wood more bless'd than living lips.
lineno=2177	text=    Since saucy jacks so happy are in this,
lineno=2178	text=    Give them thy fingers, me thy lips to kiss.
lineno=2179	text=
lineno=2180	text=CXXIX
lineno=2181	text=
lineno=2182	text=The expense of spirit in a waste of shame
lineno=2183	text=Is lust in action: and till action, lust
lineno=2184	text=Is perjur'd, murderous, bloody, full of blame,
lineno=2185	text=Savage, extreme, rude, cruel, not to trust;
lineno=2186	text=Enjoy'd no sooner but despised straight;
lineno=2187	text=Past reason hunted; and no sooner had,
lineno=2188	text=Past reason hated, as a swallow'd bait,
lineno=2189	text=On purpose laid to make the taker mad:
lineno=2190	text=Mad in pursuit and in possession so;
lineno=2191	text=Had, having, and in quest, to have extreme;
lineno=2192	text=A bliss in proof, and proved, a very woe;
lineno=2193	text=Before, a joy propos'd; behind a dream.
lineno=2194	text=    All this the world well knows; yet none knows well
lineno=2195	text=    To shun the heaven that leads men to this hell.
lineno=2196	text=
lineno=2197	text=CXXX
lineno=2198	text=
lineno=2199	text=My mistress' eyes are nothing like the sun;
lineno=2200	text=Coral is far more red, than her lips red:
lineno=2201	text=If snow be white, why then her breasts are dun;
lineno=2202	text=If hairs be wires, black wires grow on her head.
lineno=2203	text=I have seen roses damask'd, red and white,
lineno=2204	text=But no such roses see I in her cheeks;
lineno=2205	text=And in some perfumes is there more delight
lineno=2206	text=Than in the breath that from my mistress reeks.
lineno=2207	text=I love to hear her speak, yet well I know
lineno=2208	text=That music hath a far more pleasing sound:
lineno=2209	text=I grant I never saw a goddess go;
lineno=2210	text=My mistress, when she walks, treads on the ground:
lineno=2211	text=    And yet by heaven, I think my love as rare,
lineno=2212	text=    As any she belied with false compare.
lineno=2213	text=
lineno=2214	text=CXXXI
lineno=2215	text=
lineno=2216	text=Thou art as tyrannous, so as thou art,
lineno=2217	text=As those whose beauties proudly make them cruel;
lineno=2218	text=For well thou know'st to my dear doting heart
lineno=2219	text=Thou art the fairest and most precious jewel.
lineno=2220	text=Yet, in good faith, some say that thee behold,
lineno=2221	text=Thy face hath not the power to make love groan;
lineno=2222	text=To say they err I dare not be so bold,
lineno=2223	text=Although I swear it to myself alone.
lineno=2224	text=And to be sure that is not false I swear,
lineno=2225	text=A thousand groans, but thinking on thy face,
lineno=2226	text=One on another's neck, do witness bear
lineno=2227	text=Thy black is fairest in my judgement's place.
lineno=2228	text=    In nothing art thou black save in thy deeds,
lineno=2229	text=    And thence this slander, as I think, proceeds.
lineno=2230	text=
lineno=2231	text=CXXXII
lineno=2232	text=
lineno=2233	text=Thine eyes I love, and they, as pitying me,
lineno=2234	text=Knowing thy heart torment me with disdain,
lineno=2235	text=Have put on black and loving mourners be,
lineno=2236	text=Looking with pretty ruth upon my pain.
lineno=2237	text=And truly not the morning sun of heaven
lineno=2238	text=Better becomes the grey cheeks of the east,
lineno=2239	text=Nor that full star that ushers in the even,
lineno=2240	text=Doth half that glory to the sober west,
lineno=2241	text=As those two mourning eyes become thy face:
lineno=2242	text=O! let it then as well beseem thy heart
lineno=2243	text=To mourn for me since mourning doth thee grace,
lineno=2244	text=And suit thy pity like in every part.
lineno=2245	text=    Then will I swear beauty herself is black,
lineno=2246	text=    And all they foul that thy complexion lack.
lineno=2247	text=
lineno=2248	text=CXXXIII
lineno=2249	text=
lineno=2250	text=Beshrew that heart that makes my heart to groan
lineno=2251	text=For that deep wound it gives my friend and me!
lineno=2252	text=Is't not enough to torture me alone,
lineno=2253	text=But slave to slavery my sweet'st friend must be?
lineno=2254	text=Me from myself thy cruel eye hath taken,
lineno=2255	text=And my next self thou harder hast engross'd:
lineno=2256	text=Of him, myself, and thee I am forsaken;
lineno=2257	text=A torment thrice three-fold thus to be cross'd:
lineno=2258	text=Prison my heart in thy steel bosom's ward,
lineno=2259	text=But then my friend's heart let my poor heart bail;
lineno=2260	text=Whoe'er keeps me, let my heart be his guard;
lineno=2261	text=Thou canst not then use rigour in my jail:
lineno=2262	text=    And yet thou wilt; for I, being pent in thee,
lineno=2263	text=    Perforce am thine, and all that is in me.
lineno=2264	text=
lineno=2265	text=CXXXIV
lineno=2266	text=
lineno=2267	text=So, now I have confess'd that he is thine,
lineno=2268	text=And I my self am mortgag'd to thy will,
lineno=2269	text=Myself I'll forfeit, so that other mine
lineno=2270	text=Thou wilt restore to be my comfort still:
lineno=2271	text=But thou wilt not, nor he will not be free,
lineno=2272	text=For thou art covetous, and he is kind;
lineno=2273	text=He learn'd but surety-like to write for me,
lineno=2274	text=Under that bond that him as fast doth bind.
lineno=2275	text=The statute of thy beauty thou wilt take,
lineno=2276	text=Thou usurer, that putt'st forth all to use,
lineno=2277	text=And sue a friend came debtor for my sake;
lineno=2278	text=So him I lose through my unkind abuse.
lineno=2279	text=    Him have I lost; thou hast both him and me:
lineno=2280	text=    He pays the whole, and yet am I not free.
lineno=2281	text=
lineno=2282	text=CXXXV
lineno=2283	text=
lineno=2284	text=Whoever hath her wish, thou hast thy 'Will,'
lineno=2285	text=And 'Will' to boot, and 'Will' in over-plus;
lineno=2286	text=More than enough am I that vex'd thee still,
lineno=2287	text=To thy sweet will making addition thus.
lineno=2288	text=Wilt thou, whose will is large and spacious,
lineno=2289	text=Not once vouchsafe to hide my will in thine?
lineno=2290	text=Shall will in others seem right gracious,
lineno=2291	text=And in my will no fair acceptance shine?
lineno=2292	text=The sea, all water, yet receives rain still,
lineno=2293	text=And in abundance addeth to his store;
lineno=2294	text=So thou, being rich in 'Will,' add to thy 'Will'
lineno=2295	text=One will of mine, to make thy large will more.
lineno=2296	text=    Let no unkind 'No' fair beseechers kill;
lineno=2297	text=    Think all but one, and me in that one 'Will.'
lineno=2298	text=
lineno=2299	text=CXXXVI
lineno=2300	text=
lineno=2301	text=If thy soul check thee that I come so near,
lineno=2302	text=Swear to thy blind soul that I was thy 'Will',
lineno=2303	text=And will, thy soul knows, is admitted there;
lineno=2304	text=Thus far for love, my love-suit, sweet, fulfil.
lineno=2305	text='Will', will fulfil the treasure of thy love,
lineno=2306	text=Ay, fill it full with wills, and my will one.
lineno=2307	text=In things of great receipt with ease we prove
lineno=2308	text=Among a number one is reckon'd none:
lineno=2309	text=Then in the number let me pass untold,
lineno=2310	text=Though in thy store's account I one must be;
lineno=2311	text=For nothing hold me, so it please thee hold
lineno=2312	text=That nothing me, a something sweet to thee:
lineno=2313	text=    Make but my name thy love, and love that still,
lineno=2314	text=    And then thou lov'st me for my name is 'Will.'
lineno=2315	text=
lineno=2316	text=CXXXVII
lineno=2317	text=
lineno=2318	text=Thou blind fool, Love, what dost thou to mine eyes,
lineno=2319	text=That they behold, and see not what they see?
lineno=2320	text=They know what beauty is, see where it lies,
lineno=2321	text=Yet what the best is take the worst to be.
lineno=2322	text=If eyes, corrupt by over-partial looks,
lineno=2323	text=Be anchor'd in the bay where all men ride,
lineno=2324	text=Why of eyes' falsehood hast thou forged hooks,
lineno=2325	text=Whereto the judgement of my heart is tied?
lineno=2326	text=Why should my heart think that a several plot,
lineno=2327	text=Which my heart knows the wide world's common place?
lineno=2328	text=Or mine eyes, seeing this, say this is not,
lineno=2329	text=To put fair truth upon so foul a face?
lineno=2330	text=    In things right true my heart and eyes have err'd,
lineno=2331	text=    And to this false plague are they now transferr'd.
lineno=2332	text=
lineno=2333	text=CXXXVIII
lineno=2334	text=
lineno=2335	text=When my love swears that she is made of truth,
lineno=2336	text=I do believe her though I know she lies,
lineno=2337	text=That she might think me some untutor'd youth,
lineno=2338	text=Unlearned in the world's false subtleties.
lineno=2339	text=Thus vainly thinking that she thinks me young,
lineno=2340	text=Although she knows my days are past the best,
lineno=2341	text=Simply I credit her false-speaking tongue:
lineno=2342	text=On both sides thus is simple truth suppressed:
lineno=2343	text=But wherefore says she not she is unjust?
lineno=2344	text=And wherefore say not I that I am old?
lineno=2345	text=O! love's best habit is in seeming trust,
lineno=2346	text=And age in love, loves not to have years told:
lineno=2347	text=    Therefore I lie with her, and she with me,
lineno=2348	text=    And in our faults by lies we flatter'd be.
lineno=2349	text=
lineno=2350	text=CXXXIX
lineno=2351	text=
lineno=2352	text=O! call not me to justify the wrong
lineno=2353	text=That thy unkindness lays upon my heart;
lineno=2354	text=Wound me not with thine eye, but with thy tongue:
lineno=2355	text=Use power with power, and slay me not by art,
lineno=2356	text=Tell me thou lov'st elsewhere; but in my sight,
lineno=2357	text=Dear heart, forbear to glance thine eye aside:
lineno=2358	text=What need'st thou wound with cunning, when thy might
lineno=2359	text=Is more than my o'erpress'd defence can bide?
lineno=2360	text=Let me excuse thee: ah! my love well knows
lineno=2361	text=Her pretty looks have been mine enemies;
lineno=2362	text=And therefore from my face she turns my foes,
lineno=2363	text=That they elsewhere might dart their injuries:
lineno=2364	text=    Yet do not so; but since I am near slain,
lineno=2365	text=    Kill me outright with looks, and rid my pain.
lineno=2366	text=
lineno=2367	text=CXL
lineno=2368	text=
lineno=2369	text=Be wise as thou art cruel; do not press
lineno=2370	text=My tongue-tied patience with too much disdain;
lineno=2371	text=Lest sorrow lend me words, and words express
lineno=2372	text=The manner of my pity-wanting pain.
lineno=2373	text=If I might teach thee wit, better it were,
lineno=2374	text=Though not to love, yet love to tell me so,
lineno=2375	text=As testy sick men, when their deaths be near,
lineno=2376	text=No news but health from their physicians know.
lineno=2377	text=For, if I should despair, I should grow mad,
lineno=2378	text=And in my madness might speak ill of thee;
lineno=2379	text=Now this ill-wresting world is grown so bad,
lineno=2380	text=Mad slanderers by mad ears believed be.
lineno=2381	text=    That I may not be so, nor thou belied,
lineno=2382	text=    Bear thine eyes straight, though thy proud heart go wide.
lineno=2383	text=
lineno=2384	text=CXLI
lineno=2385	text=
lineno=2386	text=In faith I do not love thee with mine eyes,
lineno=2387	text=For they in thee a thousand errors note;
lineno=2388	text=But 'tis my heart that loves what they despise,
lineno=2389	text=Who, in despite of view, is pleased to dote.
lineno=2390	text=Nor are mine ears with thy tongue's tune delighted;
lineno=2391	text=Nor tender feeling, to base touches prone,
lineno=2392	text=Nor taste, nor smell, desire to be invited
lineno=2393	text=To any sensual feast with thee alone:
lineno=2394	text=But my five wits nor my five senses can
lineno=2395	text=Dissuade one foolish heart from serving thee,
lineno=2396	text=Who leaves unsway'd the likeness of a man,
lineno=2397	text=Thy proud heart's slave and vassal wretch to be:
lineno=2398	text=    Only my plague thus far I count my gain,
lineno=2399	text=    That she that makes me sin awards me pain.
lineno=2400	text=
lineno=2401	text=CXLII
lineno=2402	text=
lineno=2403	text=Love is my sin, and thy dear virtue hate,
lineno=2404	text=Hate of my sin, grounded on sinful loving:
lineno=2405	text=O! but with mine compare thou thine own state,
lineno=2406	text=And thou shalt find it merits not reproving;
lineno=2407	text=Or, if it do, not from those lips of thine,
lineno=2408	text=That have profan'd their scarlet ornaments
lineno=2409	text=And seal'd false bonds of love as oft as mine,
lineno=2410	text=Robb'd others' beds' revenues of their rents.
lineno=2411	text=Be it lawful I love thee, as thou lov'st those
lineno=2412	text=Whom thine eyes woo as mine importune thee:
lineno=2413	text=Root pity in thy heart, that, when it grows,
lineno=2414	text=Thy pity may deserve to pitied be.
lineno=2415	text=    If thou dost seek to have what thou dost hide,
lineno=2416	text=    By self-example mayst thou be denied!
lineno=2417	text=
lineno=2418	text=CXLIII
lineno=2419	text=
lineno=2420	text=Lo, as a careful housewife runs to catch
lineno=2421	text=One of her feather'd creatures broke away,
lineno=2422	text=Sets down her babe, and makes all swift dispatch
lineno=2423	text=In pursuit of the thing she would have stay;
lineno=2424	text=Whilst her neglected child holds her in chase,
lineno=2425	text=Cries to catch her whose busy care is bent
lineno=2426	text=To follow that which flies before her face,
lineno=2427	text=Not prizing her poor infant's discontent;
lineno=2428	text=So runn'st thou after that which flies from thee,
lineno=2429	text=Whilst I thy babe chase thee afar behind;
lineno=2430	text=But if thou catch thy hope, turn back to me,
lineno=2431	text=And play the mother's part, kiss me, be kind;
lineno=2432	text=    So will I pray that thou mayst have thy 'Will,'
lineno=2433	text=    If thou turn back and my loud crying still.
lineno=2434	text=
lineno=2435	text=CXLIV
lineno=2436	text=
lineno=2437	text=Two loves I have of comfort and despair,
lineno=2438	text=Which like two spirits do suggest me still:
lineno=2439	text=The better angel is a man right fair,
lineno=2440	text=The worser spirit a woman colour'd ill.
lineno=2441	text=To win me soon to hell, my female evil,
lineno=2442	text=Tempteth my better angel from my side,
lineno=2443	text=And would corrupt my saint to be a devil,
lineno=2444	text=Wooing his purity with her foul pride.
lineno=2445	text=And whether that my angel be turn'd fiend,
lineno=2446	text=Suspect I may, yet not directly tell;
lineno=2447	text=But being both from me, both to each friend,
lineno=2448	text=I guess one angel in another's hell:
lineno=2449	text=    Yet this shall I ne'er know, but live in doubt,
lineno=2450	text=    Till my bad angel fire my good one out.
lineno=2451	text=
lineno=2452	text=CXLV
lineno=2453	text=
lineno=2454	text=Those lips that Love's own hand did make,
lineno=2455	text=Breathed forth the sound that said 'I hate',
lineno=2456	text=To me that languish'd for her sake:
lineno=2457	text=But when she saw my woeful state,
lineno=2458	text=Straight in her heart did mercy come,
lineno=2459	text=Chiding that tongue that ever sweet
lineno=2460	text=Was us'd in giving gentle doom;
lineno=2461	text=And taught it thus anew to greet;
lineno=2462	text='I hate' she alter'd with an end,
lineno=2463	text=That followed it as gentle day,
lineno=2464	text=Doth follow night, who like a fiend
lineno=2465	text=From heaven to hell is flown away.
lineno=2466	text=    'I hate', from hate away she threw,
lineno=2467	text=    And sav'd my life, saying 'not you'.
lineno=2468	text=
lineno=2469	text=CXLVI
lineno=2470	text=
lineno=2471	text=Poor soul, the centre of my sinful earth,
lineno=2472	text=My sinful earth these rebel powers array,
lineno=2473	text=Why dost thou pine within and suffer dearth,
lineno=2474	text=Painting thy outward walls so costly gay?
lineno=2475	text=Why so large cost, having so short a lease,
lineno=2476	text=Dost thou upon thy fading mansion spend?
lineno=2477	text=Shall worms, inheritors of this excess,
lineno=2478	text=Eat up thy charge? Is this thy body's end?
lineno=2479	text=Then soul, live thou upon thy servant's loss,
lineno=2480	text=And let that pine to aggravate thy store;
lineno=2481	text=Buy terms divine in selling hours of dross;
lineno=2482	text=Within be fed, without be rich no more:
lineno=2483	text=    So shall thou feed on Death, that feeds on men,
lineno=2484	text=    And Death once dead, there's no more dying then.
lineno=2485	text=
lineno=2486	text=CXLVII
lineno=2487	text=
lineno=2488	text=My love is as a fever longing still,
lineno=2489	text=For that which longer nurseth the disease;
lineno=2490	text=Feeding on that which doth preserve the ill,
lineno=2491	text=The uncertain sickly appetite to please.
lineno=2492	text=My reason, the physician to my love,
lineno=2493	text=Angry that his prescriptions are not kept,
lineno=2494	text=Hath left me, and I desperate now approve
lineno=2495	text=Desire is death, which physic did except.
lineno=2496	text=Past cure I am, now Reason is past care,
lineno=2497	text=And frantic-mad with evermore unrest;
lineno=2498	text=My thoughts and my discourse as madmen's are,
lineno=2499	text=At random from the truth vainly express'd;
lineno=2500	text=    For I have sworn thee fair, and thought thee bright,
lineno=2501	text=    Who art as black as hell, as dark as night.
lineno=2502	text=
lineno=2503	text=CXLVIII
lineno=2504	text=
lineno=2505	text=O me! what eyes hath Love put in my head,
lineno=2506	text=Which have no correspondence with true sight;
lineno=2507	text=Or, if they have, where is my judgement fled,
lineno=2508	text=That censures falsely what they see aright?
lineno=2509	text=If that be fair whereon my false eyes dote,
lineno=2510	text=What means the world to say it is not so?
lineno=2511	text=If it be not, then love doth well denote
lineno=2512	text=Love's eye is not so true as all men's: no,
lineno=2513	text=How can it? O! how can Love's eye be true,
lineno=2514	text=That is so vexed with watching and with tears?
lineno=2515	text=No marvel then, though I mistake my view;
lineno=2516	text=The sun itself sees not, till heaven clears.
lineno=2517	text=    O cunning Love! with tears thou keep'st me blind,
lineno=2518	text=    Lest eyes well-seeing thy foul faults should find.
lineno=2519	text=
lineno=2520	text=CXLIX
lineno=2521	text=
lineno=2522	text=Canst thou, O cruel! say I love thee not,
lineno=2523	text=When I against myself with thee partake?
lineno=2524	text=Do I not think on thee, when I forgot
lineno=2525	text=Am of my self, all tyrant, for thy sake?
lineno=2526	text=Who hateth thee that I do call my friend,
lineno=2527	text=On whom frown'st thou that I do fawn upon,
lineno=2528	text=Nay, if thou lour'st on me, do I not spend
lineno=2529	text=Revenge upon myself with present moan?
lineno=2530	text=What merit do I in my self respect,
lineno=2531	text=That is so proud thy service to despise,
lineno=2532	text=When all my best doth worship thy defect,
lineno=2533	text=Commanded by the motion of thine eyes?
lineno=2534	text=    But, love, hate on, for now I know thy mind;
lineno=2535	text=    Those that can see thou lov'st, and I am blind.
lineno=2536	text=
lineno=2537	text=CL
lineno=2538	text=
lineno=2539	text=O! from what power hast thou this powerful might,
lineno=2540	text=With insufficiency my heart to sway?
lineno=2541	text=To make me give the lie to my true sight,
lineno=2542	text=And swear that brightness doth not grace the day?
lineno=2543	text=Whence hast thou this becoming of things ill,
lineno=2544	text=That in the very refuse of thy deeds
lineno=2545	text=There is such strength and warrantise of skill,
lineno=2546	text=That, in my mind, thy worst all best exceeds?
lineno=2547	text=Who taught thee how to make me love thee more,
lineno=2548	text=The more I hear and see just cause of hate?
lineno=2549	text=O! though I love what others do abhor,
lineno=2550	text=With others thou shouldst not abhor my state:
lineno=2551	text=    If thy unworthiness rais'd love in me,
lineno=2552	text=    More worthy I to be belov'd of thee.
lineno=2553	text=
lineno=2554	text=CLI
lineno=2555	text=
lineno=2556	text=Love is too young to know what conscience is,
lineno=2557	text=Yet who knows not conscience is born of love?
lineno=2558	text=Then, gentle cheater, urge not my amiss,
lineno=2559	text=Lest guilty of my faults thy sweet self prove:
lineno=2560	text=For, thou betraying me, I do betray
lineno=2561	text=My nobler part to my gross body's treason;
lineno=2562	text=My soul doth tell my body that he may
lineno=2563	text=Triumph in love; flesh stays no farther reason,
lineno=2564	text=But rising at thy name doth point out thee,
lineno=2565	text=As his triumphant prize. Proud of this pride,
lineno=2566	text=He is contented thy poor drudge to be,
lineno=2567	text=To stand in thy affairs, fall by thy side.
lineno=2568	text=    No want of conscience hold it that I call
lineno=2569	text=    Her 'love,' for whose dear love I rise and fall.
lineno=2570	text=
lineno=2571	text=CLII
lineno=2572	text=
lineno=2573	text=In loving thee thou know'st I am forsworn,
lineno=2574	text=But thou art twice forsworn, to me love swearing;
lineno=2575	text=In act thy bed-vow broke, and new faith torn,
lineno=2576	text=In vowing new hate after new love bearing:
lineno=2577	text=But why of two oaths' breach do I accuse thee,
lineno=2578	text=When I break twenty? I am perjur'd most;
lineno=2579	text=For all my vows are oaths but to misuse thee,
lineno=2580	text=And all my honest faith in thee is lost:
lineno=2581	text=For I have sworn deep oaths of thy deep kindness,
lineno=2582	text=Oaths of thy love, thy truth, thy constancy;
lineno=2583	text=And, to enlighten thee, gave eyes to blindness,
lineno=2584	text=Or made them swear against the thing they see;
lineno=2585	text=    For I have sworn thee fair; more perjured I,
lineno=2586	text=    To swear against the truth so foul a lie.
lineno=2587	text=
lineno=2588	text=CLIII
lineno=2589	text=
lineno=2590	text=Cupid laid by his brand and fell asleep:
lineno=2591	text=A maid of Dian's this advantage found,
lineno=2592	text=And his love-kindling fire did quickly steep
lineno=2593	text=In a cold valley-fountain of that ground;
lineno=2594	text=Which borrow'd from this holy fire of Love,
lineno=2595	text=A dateless lively heat, still to endure,
lineno=2596	text=And grew a seething bath, which yet men prove
lineno=2597	text=Against strange maladies a sovereign cure.
lineno=2598	text=But at my mistress' eye Love's brand new-fired,
lineno=2599	text=The boy for trial needs would touch my breast;
lineno=2600	text=I, sick withal, the help of bath desired,
lineno=2601	text=And thither hied, a sad distemper'd guest,
lineno=2602	text=    But found no cure, the bath for my help lies
lineno=2603	text=    Where Cupid got new fire; my mistress' eyes.
lineno=2604	text=
lineno=2605	text=CLIV
lineno=2606	text=
lineno=2607	text=The little Love-god lying once asleep,
lineno=2608	text=Laid by his side his heart-inflaming brand,
lineno=2609	text=Whilst many nymphs that vow'd chaste life to keep
lineno=2610	text=Came tripping by; but in her maiden hand
lineno=2611	text=The fairest votary took up that fire
lineno=2612	text=Which many legions of true hearts had warm'd;
lineno=2613	text=And so the general of hot desire
lineno=2614	text=Was, sleeping, by a virgin hand disarm'd.
lineno=2615	text=This brand she quenched in a cool well by,
lineno=2616	text=Which from Love's fire took heat perpetual,
lineno=2617	text=Growing a bath and healthful remedy,
lineno=2618	text=For men diseased; but I, my mistress' thrall,
lineno=2619	text=    Came there for cure and this by that I prove,
lineno=2620	text=    Love's fire heats water, water cools not love.
